chamber_pressure_bar,temperature_K,rpm,fuel_flow_kg_s,vibration_mm_s
98.48276584418531,3804,28466,243.5,2.75
98.35480060155817,3792,28428,243.8,2.71
98.30709394050268,3806,28416,242.6,2.68
98.31943448864038,3788,28373,243.5,2.53
98.88018630837696,3773,28468,245.4,2.67
98.0865479314889,3793,28478,244.8,2.77
98.60175348875526,3788,28455,243.4,2.75
98.17070265672722,3784,28393,245.2,2.71
98.61368263202009,3766,28310,244.9,2.57
98.61522429104608,3770,28206,243.6,2.69
98.85971836237572,3767,28313,243.9,2.83
98.83948802629425,3765,28429,242.3,2.89
99.17064401187969,3779,28464,241.5,2.76
98.66301495478181,3798,28387,240.4,2.86
99.17205710149922,3791,28239,241.7,2.74
98.43678491540541,3796,28210,243.1,2.77
98.36014367001576,3780,28161,243.0,2.65
98.52605596934525,3800,28221,243.0,2.61
98.4518555477897,3819,28270,244.1,2.79
98.80609967834842,3805,28281,245.1,2.94
98.0369272783409,3815,28277,244.3,2.78
98.13197022253753,3802,28363,245.3,2.8
97.82304281956921,3817,28239,246.9,2.65
97.56768445394975,3835,28313,247.2,2.73
97.91316899661115,3822,28221,246.3,2.6
98.04292516100058,3833,28217,245.4,2.47
98.56067940200184,3828,28295,246.9,2.38
98.60317416780711,3829,28239,245.3,2.29
99.31380261029052,3829,28105,243.8,2.18
98.95561288216159,3827,28204,245.4,2.27
99.71006806664693,3826,28102,246.1,2.37
99.06243553608755,3831,28156,247.0,2.23
99.73533261447137,3816,28071,248.3,2.14
100.4347469076575,3828,28101,249.5,2.31
99.7942196152264,3835,28036,248.6,2.32
99.41869562201062,3827,28173,249.1,2.15
99.02282600838224,3825,28052,249.0,2.31
99.24667926366718,3831,28000,247.9,2.12
98.81640822691251,3841,27874,246.4,2.03
98.37948649507112,3853,27910,247.3,1.91
97.92059995479121,3850,28015,246.7,1.81
97.87147931880601,3851,27930,248.2,1.78
98.64440314939321,3841,27801,248.9,1.68
99.25193149353542,3855,27657,248.8,1.83
99.63411692828885,3844,27565,249.0,1.9
99.1364227446303,3828,27563,249.7,1.72
99.12158358027783,3816,27450,249.2,1.54
98.51979911002981,3807,27365,249.0,1.7
98.69375270408855,3798,27476,250.2,1.58
98.90213668432777,3788,27441,250.7,1.4
99.62742446876842,3778,27410,250.3,1.24
100.30442064828027,3797,27556,250.2,1.11
100.8300113773783,3791,27458,250.1,1.08
101.48466996892775,3804,27477,250.8,0.91
101.9970218903439,3807,27477,250.6,0.81
101.89721881451415,3816,27576,248.3,0.96
101.78439750415134,3810,27617,247.1,1.14
102.40210420659741,3827,27495,247.2,1.2
102.40441551614285,3847,27519,248.6,1.25
103.19015103046212,3851,27419,249.2,1.44
103.09528478363038,3834,27563,248.4,1.25
102.34748727786804,3841,27460,249.6,1.17
101.65989338656738,3848,27500,249.2,1.12
101.66883845459219,3864,27452,248.2,1.15
102.44179880276909,3877,27393,246.1,1.03
102.01494369539914,3877,27403,247.1,0.99
102.03137624078278,3888,27505,246.9,0.87
102.31036367453078,3899,27590,248.1,1.04
103.01434962684725,3899,27625,248.8,1.2
103.47153635515937,3900,27674,250.0,1.31
103.58887696329715,3881,27632,251.3,1.34
103.02512358671976,3897,27677,251.9,1.39
102.96977156792896,3900,27800,249.6,1.56
103.09950437337892,3885,27772,250.8,1.73
102.90707051718897,3894,27711,250.1,1.76
103.10463890520037,3897,27572,250.2,1.82
103.37421337217535,3900,27491,251.4,1.75
103.6310703108241,3885,27556,250.8,1.65
102.97287284156587,3873,27511,249.1,1.84
103.61674666567622,3860,27538,247.3,1.72
103.4940565274236,3864,27496,248.4,1.84
103.34034887107546,3873,27486,246.9,1.79
103.4016037122943,3856,27404,247.9,1.66
102.854268710239,3841,27430,249.1,1.63
102.66910228697543,3852,27563,248.2,1.51
102.98070062391261,3852,27698,249.3,1.31
102.45537189488928,3859,27743,248.5,1.44
102.4307138466299,3877,27723,248.3,1.43
102.96312441267101,3890,27826,248.4,1.49
102.64229675776716,3874,27847,248.2,1.67
103.11517361872399,3878,27896,247.9,1.58
102.7973106325685,3862,27843,246.4,1.67
102.44618504324252,3870,27838,246.6,1.58
103.07133316428622,3863,27918,247.4,1.68
102.89437671925296,3880,27946,248.4,1.71
103.51475894854602,3861,27834,248.0,1.87
103.74987509543735,3861,27749,249.2,1.91
104.42583706496323,3875,27658,247.6,1.87
105.03178371216157,3889,27736,246.8,2.0
104.8830707684748,3900,27884,246.3,2.0
105.4447007981828,3885,27941,246.1,1.83
105.4522051594431,3880,27960,244.3,2.0
105.91647037643267,3874,27863,243.2,2.05
106.67238323233393,3854,27855,244.8,1.86
106.28514932540683,3835,27872,245.2,1.68
106.8227335935593,3816,27879,245.5,1.56
106.2770002388734,3816,27864,246.9,1.59
105.93107384903392,3821,27901,246.6,1.76
105.19186673510995,3839,27930,247.2,1.59
105.24428883260993,3829,28015,247.0,1.41
105.73480984979393,3822,28098,246.7,1.35
106.04691895873108,3802,28105,247.6,1.46
105.44607187092365,3804,28245,247.3,1.3
105.36848805449793,3806,28380,245.9,1.12
104.82318504648352,3794,28526,244.4,1.02
104.48870260342234,3790,28524,244.5,0.86
103.92020496721037,3805,28525,243.7,0.99
103.93002573785104,3820,28666,242.2,1.18
103.69094269042574,3834,28518,242.2,1.35
103.71807051471224,3826,28541,243.0,1.37
103.45594115626649,3843,28545,242.2,1.24
103.67883697651665,3842,28556,243.4,1.05
103.73737649212131,3837,28449,244.5,1.02
103.38084668030103,3831,28540,245.7,1.08
102.74762022684614,3833,28392,246.9,1.08
102.02868344370643,3843,28333,248.1,1.1
101.92995031224741,3858,28338,248.2,1.26
102.2646142198486,3868,28239,248.7,1.34
102.21105671186166,3885,28266,249.6,1.41
102.43245510233857,3866,28169,249.6,1.55
102.80298167737433,3862,28246,250.0,1.72
102.16621017887135,3867,28331,250.6,1.86
101.6419215897314,3871,28185,251.3,1.71
101.00236453506976,3861,28297,249.2,1.55
100.73714384673923,3876,28286,249.8,1.69
101.44530153585636,3869,28314,247.6,1.55
101.34281230355661,3855,28436,245.6,1.74
102.12046525944854,3865,28326,245.2,1.67
102.32285823437914,3857,28215,245.7,1.82
102.23368692617191,3841,28144,246.8,1.99
102.22616082217925,3822,28207,244.9,1.82
102.01676551282686,3809,28134,244.7,1.84
102.11558233826123,3814,28099,245.2,1.68
101.3243056030143,3798,28199,245.8,1.57
101.32164551139438,3803,28275,244.5,1.6
100.84888439739717,3820,28142,244.7,1.77
101.45199322568196,3803,28278,244.9,1.65
101.36157146580283,3802,28321,245.2,1.66
101.73473408703406,3809,28384,243.8,1.63
101.97707807768423,3789,28244,243.5,1.76
101.8675280807081,3770,28368,243.4,1.87
101.9146844367557,3771,28428,244.8,1.73
102.36431787531062,3784,28515,245.5,1.83
101.81255567745845,3800,28583,245.9,1.82
101.50491578339492,3807,28587,246.0,2.02
102.1020202326338,3796,28703,244.8,2.0
102.67480224360533,3781,28611,245.0,1.99
102.2271271649851,3786,28722,244.2,2.09
101.74296014536456,3785,28704,244.5,2.19
101.42126721757786,3796,28594,245.5,1.99
101.25686652666198,3808,28545,244.6,2.05
101.48292417769174,3792,28471,245.6,1.98
101.46063551507261,3792,28620,246.5,2.05
100.96414328494967,3781,28580,248.0,2.0
100.29562151158927,3783,28679,247.8,2.06
99.75439481769078,3784,28632,246.6,1.95
100.07321999815626,3766,28705,247.2,2.14
100.12622993767637,3746,28646,246.0,2.19
100.27605290691626,3735,28651,244.3,2.09
99.94002873386592,3749,28731,243.1,2.06
100.10976596439018,3757,28738,242.6,2.15
100.15104896547211,3750,28600,242.6,2.14
99.40174943728812,3754,28594,242.9,2.17
99.21479086589805,3747,28543,244.1,2.08
98.521352006567,3749,28515,244.7,2.23
99.03781812285463,3738,28497,245.8,2.36
98.76145188579126,3729,28601,244.8,2.32
98.25372061226788,3730,28503,246.0,2.52
97.67593664066958,3714,28486,246.7,2.52
98.3207010161819,3718,28601,245.4,2.32
97.72635396828947,3722,28535,246.9,2.51
97.59316284119188,3741,28574,245.1,2.38
98.07068111525821,3743,28625,244.0,2.2
98.3619446718481,3753,28527,245.1,2.39
99.14569171785465,3767,28415,245.9,2.38
98.87609518011908,3781,28542,244.2,2.48
99.02806484653266,3763,28412,246.0,2.5
99.14289569375634,3762,28450,246.9,2.48
99.80498272582258,3758,28558,248.4,2.54
100.29548606169287,3774,28623,248.7,2.41
100.83232245205579,3789,28651,248.5,2.3
101.21261414566118,3801,28655,248.9,2.46
101.92177940019398,3793,28653,248.0,2.63
102.47612101001123,3811,28520,247.6,2.45
102.80161626274877,3796,28535,247.6,2.47
102.16832350326,3807,28540,246.5,2.64
101.80505288851919,3826,28560,247.5,2.67
101.86611150284001,3833,28490,247.3,2.48
101.14267682644933,3844,28357,248.3,2.42
100.91949789923072,3826,28497,248.2,2.61
100.41673901493812,3845,28476,247.9,2.42
100.18966756528629,3863,28504,246.8,2.48
100.09351348708114,3871,28453,248.1,2.45
100.65599620891713,3854,28355,246.0,2.36
100.69269554672205,3849,28209,245.6,2.31
101.2663948641616,3834,28077,246.7,2.27
101.74002095475248,3854,28000,247.6,2.24
101.52344984133288,3865,28018,246.9,2.23
100.81003021714517,3863,27988,245.8,2.34
101.2071011949221,3868,27902,245.3,2.5
101.51315455951544,3853,27859,244.9,2.53
100.75342088182057,3835,27803,245.6,2.56
100.17234410196191,3850,27797,244.0,2.59
100.04792544709667,3844,27747,243.6,2.79
100.36247538468542,3846,27756,242.8,2.66
100.86176368069266,3838,27744,241.6,2.82
101.60649837137288,3824,27855,241.2,3.0
102.22651514627599,3808,27991,243.0,2.85
102.17068962838101,3808,27909,243.8,2.66
101.85778254720931,3824,27772,242.9,2.74
101.22719094627833,3844,27638,242.8,2.56
101.34599960988004,3846,27501,244.3,2.58
101.85076213378944,3830,27609,245.6,2.41
101.55928405010803,3842,27751,247.3,2.27
100.80786387421449,3825,27867,245.6,2.42
100.83990459063622,3819,27918,246.1,2.38
100.48207764274501,3801,27969,246.2,2.45
99.96752875098292,3821,28073,245.3,2.55
100.64193770007786,3837,28205,243.8,2.63
100.2659732984779,3837,28334,244.1,2.46
100.25454378853937,3819,28330,245.0,2.49
99.58215526249842,3825,28228,246.7,2.51
100.10308429283796,3845,28173,245.7,2.68
99.82699734284084,3846,28243,244.8,2.81
100.58157533031871,3866,28235,245.4,2.97
101.32939113360793,3858,28243,246.2,3.07
102.10834688863221,3847,28293,246.8,3.13
102.20179694684616,3842,28287,246.3,3.0
102.1446655251504,3826,28253,245.0,3.13
102.11011558547743,3838,28186,245.7,3.23
101.3307288203534,3842,28251,245.0,3.06
101.50824808135857,3850,28224,246.3,3.08
102.14086684359597,3852,28188,245.5,2.98
101.3831383775413,3840,28097,243.8,3.14
101.36725736747361,3847,28179,242.5,3.28
101.41631293822594,3831,28283,244.5,3.46
101.06320497695657,3833,28310,244.9,3.45
101.80979904947444,3823,28189,244.7,3.54
102.09785608129705,3831,28202,245.2,3.54
102.66015835983691,3825,28240,245.9,3.36
103.44328525934803,3834,28345,246.8,3.37
103.92720644541414,3842,28360,248.2,3.33
103.28206303374664,3844,28216,248.4,3.29
103.80544275416096,3857,28284,247.7,3.21
103.33274303733323,3850,28317,247.2,3.16
103.13391728198145,3830,28274,245.5,3.08
103.62579675527847,3826,28287,245.0,3.0
103.1161548684319,3816,28258,246.7,2.84
103.53472889557892,3834,28144,247.2,2.94
104.29338236481968,3824,28108,245.8,2.96
104.02856909513164,3813,28007,245.1,2.8
103.2851561957836,3795,28109,244.1,2.99
104.059740818545,3794,27990,245.0,3.11
104.46338044702456,3793,27885,244.0,3.19
104.69230785063333,3774,27841,245.6,3.27
105.03475940959538,3783,27695,246.2,3.08
105.46560855661787,3775,27546,244.6,3.18
105.20643801910687,3758,27402,245.4,3.31
104.49597840657418,3771,27287,244.5,3.31
104.23434351388218,3779,27142,245.1,3.2
103.96317681751636,3766,27050,245.6,3.31
104.70231409358809,3776,27110,245.8,3.17
105.0615409713918,3790,27000,244.8,3.27
104.96413025241932,3785,27000,246.5,3.36
104.54638333484402,3789,27000,246.7,3.46
104.77814269221648,3778,27039,248.0,3.35
104.98556968729736,3780,27117,248.1,3.29
104.60211788933287,3782,27060,246.8,3.38
104.71422312830853,3797,27050,245.9,3.31
105.1583572431316,3785,27011,246.4,3.43
104.56951533168831,3766,27007,247.5,3.26
105.10338501628502,3771,27000,245.5,3.44
104.81270125852576,3790,27000,245.6,3.41
104.40286575359275,3771,27139,246.7,3.26
104.82798416417087,3780,27022,246.8,3.32
104.2559665098505,3795,27000,246.0,3.33
103.82605055846301,3799,27044,245.5,3.45
103.23421956875465,3807,27152,245.6,3.56
102.87848165183321,3801,27189,246.8,3.48
102.37253550297133,3795,27218,247.3,3.33
102.53359651752473,3807,27178,246.9,3.28
101.80008160578586,3817,27309,248.4,3.34
102.2087614880091,3804,27210,247.0,3.22
102.34171412884463,3813,27340,248.5,3.18
101.82082746223267,3832,27197,248.0,3.29
102.37339800385892,3829,27256,247.4,3.19
102.29542407358825,3816,27127,247.5,3.26
101.71233574768236,3822,27037,245.7,3.12
100.91608577847694,3840,27104,245.1,3.2
100.99716362861405,3859,27168,244.5,3.2
100.59167761871575,3870,27057,243.1,3.3
101.18478489366143,3859,27017,243.6,3.44
101.37427343521428,3869,27000,242.7,3.59
101.9730871554203,3871,27135,241.3,3.57
101.52611915782366,3856,27028,240.9,3.62
100.96974673035962,3848,27150,242.8,3.68
100.93981427355952,3864,27002,241.7,3.5
101.41573380772375,3883,27003,240.7,3.59
100.79629669631655,3899,27000,241.2,3.78
100.48383036433844,3893,27115,243.1,3.76
100.61628971682286,3894,27080,244.1,3.84
100.52748556933166,3900,27157,242.8,3.98
101.05042020458612,3900,27016,243.2,3.81
100.64322205068702,3900,27003,242.8,3.82
101.37694811784523,3887,27117,241.4,3.99
101.42011690627204,3892,27131,242.1,4.05
100.89872071596652,3890,27121,240.6,4.14
100.46055918498269,3900,27237,242.7,4.02
100.7817122332928,3899,27272,244.2,4.01
100.45767210624277,3885,27127,245.1,3.95
99.92933962983585,3870,27183,246.4,3.79
100.62610730962686,3865,27260,244.8,3.63
100.61152710812246,3846,27223,244.6,3.52
100.50482762279975,3849,27271,243.6,3.67
100.49689469639205,3845,27355,243.8,3.63
100.93517481101262,3860,27475,242.8,3.53
100.62899917071371,3845,27385,243.0,3.54
100.52512517493967,3853,27255,243.0,3.46
100.17749895924864,3867,27284,244.5,3.59
100.17148297632235,3851,27275,245.3,3.77
99.79296610066213,3850,27281,247.0,3.71
99.8411362700157,3854,27407,245.7,3.82
99.78741966727661,3864,27298,245.7,3.94
99.40356421690316,3860,27282,245.9,4.03
98.76698104339108,3871,27240,245.5,3.87
98.46196834803476,3870,27256,245.7,3.72
98.09137242174523,3851,27312,246.4,3.69
98.86619973605457,3832,27231,248.0,3.61
98.47238309933414,3842,27361,248.9,3.74
98.51572945899868,3847,27349,247.7,3.88
98.76670090319789,3857,27449,248.3,3.83
99.2586172118529,3851,27432,246.4,3.91
99.12793722419929,3845,27305,246.8,3.92
99.3972875713524,3830,27287,246.4,3.87
99.81648945573468,3848,27369,247.5,4.05
100.10583417997843,3849,27334,248.4,4.13
100.72577354194306,3835,27185,247.4,4.19
101.30107625498353,3844,27281,245.7,4.2
101.67371269926174,3851,27307,245.3,4.04
101.67065108679611,3840,27309,244.7,3.99
101.4776858823367,3844,27340,244.4,3.88
100.79109117122414,3829,27330,246.2,3.84
100.59367789234445,3845,27338,245.9,3.85
99.96353566044031,3830,27359,244.3,4.01
99.7271608856571,3816,27326,242.6,4.01
99.27790340791229,3836,27389,242.2,3.95
98.83969794498776,3834,27246,241.2,4.09
99.10721822717917,3826,27223,242.9,4.13
99.13306428762438,3824,27366,243.8,4.26
99.35254164873406,3816,27439,245.4,4.26
98.78888996142273,3811,27567,245.7,4.13
99.24672383455224,3804,27715,244.7,4.32
99.36834384055399,3822,27645,244.2,4.15
99.4248075059118,3828,27689,245.8,4.28
99.97353628574015,3829,27618,243.9,4.43
99.90236483192506,3829,27752,245.0,4.33
99.55893088488008,3817,27728,246.5,4.23
99.13431340773603,3803,27873,247.5,4.24
98.61442813288528,3813,27979,248.6,4.26
98.4679665285311,3817,27848,249.6,4.45
99.07348416479032,3819,27850,248.3,4.51
98.63380125179458,3831,27965,246.4,4.47
98.73178608316704,3830,27922,247.7,4.35
99.32307822966342,3815,28018,246.2,4.42
99.12163448221406,3818,27954,245.9,4.5
99.75765578799002,3799,27811,246.5,4.63
99.85800203340479,3788,27665,246.0,4.49
99.76516977300754,3798,27540,244.5,4.38
100.01278843062724,3801,27435,245.5,4.58
99.94351440525998,3815,27424,245.3,4.48
99.89800590426616,3817,27554,246.1,4.56
99.10092564052682,3800,27428,247.3,4.44
98.55942947712244,3798,27545,248.1,4.52
98.77912986069974,3814,27616,247.7,4.34
99.06685532551612,3805,27558,246.9,4.45
99.32289810414512,3802,27663,246.7,4.43
99.2897789555764,3795,27782,245.2,4.47
99.80687319967205,3806,27908,245.6,4.46
99.93306854635998,3802,27800,244.6,4.36
99.99045027042712,3803,27903,244.5,4.36
99.98070932281,3791,27781,243.8,4.34
100.3307067567339,3783,27896,245.6,4.38
99.9509161137654,3791,27774,245.7,4.36
100.44960430470901,3804,27643,245.3,4.23
100.0000857984323,3799,27601,245.0,4.39
100.52481850693623,3817,27595,246.6,4.52
100.79657301709688,3820,27710,246.8,4.5
100.89451917919958,3834,27701,248.2,4.39
101.5511002861529,3850,27589,249.0,4.54
101.61373371825741,3870,27697,247.1,4.71
102.0557154946275,3858,27705,245.1,4.56
102.02026729994127,3849,27664,246.2,4.67
102.48133961605531,3839,27788,246.5,4.61
102.068806795534,3849,27870,247.4,4.74
102.67067043145632,3863,27904,248.3,4.75
102.84495040261757,3843,27821,248.4,4.68
102.17089526034766,3851,27772,248.8,4.88
102.930072209413,3845,27891,250.1,4.71
102.76508647302212,3836,27964,250.7,4.59
102.04783597800996,3845,28094,251.6,4.62
102.25093254385354,3835,28019,252.1,4.7
101.91269869074391,3816,28082,250.0,4.67
101.25877575067686,3804,27980,248.8,4.77
101.0139367770761,3816,27856,250.2,4.73
101.7588176731282,3820,27874,248.5,4.59
102.01080146931501,3801,27805,246.4,4.49
101.6333648235032,3803,27851,245.4,4.3
101.93845789710171,3818,27805,245.2,4.2
102.44345145008906,3813,27716,246.4,4.3
103.12511579740406,3820,27711,245.2,4.33
103.85039663654699,3834,27571,245.3,4.29
103.78291866379611,3851,27427,246.7,4.43
104.1671014546491,3840,27462,247.8,4.62
104.31022276860173,3834,27458,246.4,4.66
104.93303497766838,3828,27463,245.7,4.83
105.72637929096288,3841,27493,246.8,4.79
105.54628044995533,3853,27360,247.5,4.98
105.74627845855846,3834,27281,248.1,5.15
105.55092444481092,3824,27360,247.7,5.2
106.03826946165945,3806,27265,249.0,5.08
106.71828342768795,3796,27297,250.0,4.9
105.97348856740432,3796,27321,250.3,5.06
106.23392644931012,3794,27210,249.3,5.23
105.49249502445156,3814,27191,248.4,5.24
106.04862983792796,3807,27071,249.7,5.39
106.17648770791256,3800,27092,248.7,5.34
106.26059362643942,3805,27239,248.2,5.45
106.90622126905699,3812,27111,247.4,5.64
106.13275838256787,3830,27056,245.6,5.69
105.52819712075222,3820,27071,244.3,5.62
106.20341334776668,3808,27000,244.6,5.62
106.74834605735673,3824,27000,245.4,5.43
107.21853800541258,3809,27020,245.3,5.42
107.35617190138206,3794,27000,245.5,5.35
107.32804206859456,3790,27027,246.4,5.19
106.90994045706859,3782,27052,245.1,5.09
107.16633455277211,3767,27097,244.3,5.08
106.79087298809567,3779,27046,243.2,5.17
106.54975763191526,3782,27000,241.6,5.1
107.28851205661101,3787,27000,242.7,5.1
106.51356973995999,3794,27038,243.5,5.15
105.85661979757343,3791,27000,242.6,5.05
105.99944261518267,3797,27000,243.9,4.88
105.27246098685856,3808,27000,244.8,5.05
104.52575597288879,3801,27131,244.8,5.16
104.29680104233489,3811,27263,245.6,5.2
104.37823224197489,3825,27183,244.4,5.01
104.65948261816142,3825,27062,246.2,5.07
104.73621265681815,3840,27128,246.3,4.89
104.46325055235064,3850,27171,245.0,4.7
104.97473893881012,3867,27203,243.8,4.68
104.57089390028975,3869,27206,244.8,4.57
104.48655295881491,3879,27118,245.2,4.58
104.01548851468456,3875,27204,244.8,4.4
103.6128057427326,3857,27131,244.1,4.36
103.5521186264647,3875,27216,244.4,4.5
102.9719277850754,3880,27289,245.3,4.58
103.05955345893369,3895,27280,246.0,4.67
103.31567205854917,3888,27359,247.0,4.63
103.99983820567583,3874,27391,246.6,4.61
104.68340620040364,3872,27502,246.8,4.52
105.09675408642845,3887,27437,246.8,4.57
105.8581118062364,3900,27533,244.9,4.71
105.24369377996645,3900,27650,245.7,4.74
105.61709008544,3886,27520,247.4,4.78
105.1851713021268,3887,27593,248.4,4.93
105.4774957282751,3883,27448,248.5,5.01
105.37922881532789,3881,27370,248.3,5.16
105.94258079893666,3896,27349,247.7,4.97
105.98758527088957,3891,27483,247.6,5.13
105.86188402684371,3876,27454,246.1,5.18
105.50779670853376,3863,27350,244.2,5.12
104.96103095179369,3862,27307,244.4,5.1
105.20996279439228,3869,27358,246.2,4.94
105.11223521201917,3878,27352,244.7,4.92
105.01709817749686,3887,27280,245.9,5.09
105.25401594904486,3893,27187,246.4,5.13
105.81873180788901,3876,27088,244.9,5.15
105.3562135421463,3891,27068,245.9,4.96
105.44992010675875,3892,27128,246.7,4.89
104.78187549520904,3879,27060,246.2,4.79
104.5206789452116,3875,27151,245.9,4.68
103.74243029244793,3877,27047,245.7,4.87
104.41897846790668,3890,27049,246.6,4.76
104.61711366140845,3887,27001,245.9,4.91
104.53118649601717,3868,27000,245.5,4.88
105.1646355839469,3866,27000,246.1,4.87
104.95864877006983,3884,27000,246.7,4.69
104.3127839444207,3875,27003,246.0,4.65
104.31789320519825,3891,27000,247.2,4.82
104.7892757740641,3900,27066,246.0,5.0
104.57267056314302,3900,27094,246.2,4.84
105.3616805241402,3900,27106,247.2,4.97
106.05366539445937,3900,27000,245.2,5.02
105.57833269806824,3889,27042,245.1,4.97
104.85541831017703,3900,27108,245.7,5.13
104.16013319771059,3881,27008,246.6,4.93
103.95400321313588,3871,27000,246.1,5.1
104.0198193456146,3863,27007,246.6,5.06
103.57120936087068,3879,27000,245.0,4.97
104.1428386022199,3880,27087,244.4,4.84
103.95152096454507,3891,27087,243.5,4.76
104.00609273408539,3894,27054,244.8,4.84
104.1594820139671,3877,27000,244.2,4.9
103.89112270011341,3862,27000,244.0,5.05
103.33119375759709,3849,27068,243.0,5.04
103.5217528946133,3831,27000,242.9,5.11
103.21458960329454,3828,27005,242.3,5.29
103.9242931942289,3825,27144,241.8,5.15
103.57241509146243,3831,27188,242.1,5.21
103.89182535425836,3834,27273,243.6,5.25
104.25131380893797,3848,27126,243.7,5.41
104.55110562571112,3831,27111,244.9,5.55
104.15728627952763,3824,27251,244.7,5.54
103.8916724601027,3823,27382,244.3,5.59
103.65128474171777,3842,27448,245.8,5.78
103.26972889934561,3854,27305,246.1,5.74
103.03400938122364,3847,27329,246.9,5.81
102.37125467561836,3842,27332,248.4,5.88
101.57171152619465,3839,27438,247.8,5.81
101.35737754106776,3827,27582,246.5,5.92
101.323360295434,3846,27666,244.8,5.87
100.55985423123524,3833,27672,243.5,5.79
100.10035127523497,3852,27689,243.0,5.95
99.61089593388759,3859,27711,245.0,5.79
100.28841060105844,3843,27714,245.6,5.59
100.66853019971047,3848,27581,246.9,5.59
101.2640524436252,3857,27720,246.4,5.43
101.77335844878199,3862,27727,245.1,5.46
102.53300916940756,3854,27592,245.3,5.54
102.78778509908359,3838,27643,243.7,5.34
102.38398083379235,3848,27573,243.2,5.44
102.5354292347698,3842,27516,243.3,5.57
102.73527807953165,3835,27639,241.7,5.46
102.40314099892416,3848,27765,243.8,5.5
101.99350878581971,3860,27887,244.5,5.4
101.30254568978778,3847,27822,243.6,5.29
100.69960006549245,3867,27708,245.0,5.28
100.68596039544576,3862,27764,245.7,5.16
99.9812123434169,3851,27726,244.8,5.22
99.55637978728751,3837,27804,244.3,5.29
99.33381886728658,3837,27771,244.1,5.24
99.3347639747218,3835,27731,243.0,5.11
99.3917147803213,3831,27830,242.0,5.12
99.55298166795322,3841,27867,241.0,5.0
99.94474426893373,3844,27910,240.5,5.06
100.66578891356741,3833,28048,239.7,5.09
100.25786748893009,3842,28002,239.5,5.27
100.73943747442031,3854,28012,239.2,5.12
101.31783170810108,3859,27897,238.1,5.27
101.547630428858,3853,27755,239.4,5.1
101.85833591135852,3841,27621,238.9,5.07
101.47516099610385,3851,27765,237.8,5.12
100.95923567271043,3867,27724,239.3,5.3
101.62351085639592,3858,27709,240.8,5.45
101.52985251890527,3864,27843,241.7,5.59
100.9823354480122,3851,27776,243.3,5.53
101.71358457911293,3869,27661,243.8,5.7
102.24422206246737,3874,27521,245.3,5.65
102.33119386337675,3856,27398,243.7,5.71
102.74894394959638,3863,27293,242.4,5.61
102.54414149136858,3849,27313,243.0,5.75
102.82119029621988,3829,27457,243.4,5.64
103.60937514502493,3822,27557,244.9,5.47
102.9183338547862,3841,27407,245.9,5.67
102.9494464225523,3830,27274,245.3,5.85
103.53313199646189,3850,27254,243.7,5.77
103.51785512780799,3864,27124,244.2,5.78
103.46119109528767,3864,27173,244.2,5.96
103.24989940558316,3856,27154,243.5,5.98
103.80572173197979,3843,27136,242.7,5.82
104.36339569508759,3843,27220,243.4,5.88
104.45446511576475,3854,27357,243.2,5.98
105.06271774167791,3838,27218,242.6,6.0
105.1931179157361,3840,27182,241.1,5.85
104.76624295665306,3850,27247,240.7,5.65
104.75787284490261,3837,27129,242.8,5.79
104.96708628594477,3828,27195,244.3,5.8
104.42338274525889,3839,27319,244.1,5.69
104.5108574675676,3838,27448,245.5,5.71
104.48725905422299,3821,27560,244.6,5.77
104.65121197189258,3817,27446,245.6,5.83
104.20757763551208,3813,27398,245.4,5.65
104.5356762229692,3831,27514,247.1,5.64
103.86939699597401,3816,27625,246.5,5.73
103.66377654033671,3831,27728,247.2,5.67
103.97709722510753,3820,27767,248.1,5.69
103.93491481981741,3809,27902,247.0,5.6
104.1676354033794,3789,28045,245.9,5.54
104.62903923179636,3777,28183,247.1,5.57
104.99312496393735,3784,28153,246.9,5.68
104.86783477880464,3804,28129,246.4,5.77
105.44505189469153,3788,28096,248.0,5.62
105.17174205353885,3806,28155,247.7,5.42
104.87814850140145,3803,28138,245.9,5.49
104.64767266740726,3801,28074,245.2,5.61
104.384891155379,3786,28189,244.5,5.48
104.1098416083116,3799,28304,245.9,5.66
104.46662929047349,3785,28236,246.3,5.7
105.22348234968806,3805,28147,245.8,5.56
105.40471956362495,3801,28046,247.0,5.46
106.10027253161726,3785,28033,248.1,5.37
105.56416413778088,3803,28150,248.6,5.33
105.15398578323371,3822,28097,247.3,5.44
104.81997749373144,3832,27996,245.6,5.49
105.22597181499846,3820,28045,247.0,5.44
105.40980291576554,3815,28053,245.1,5.34
105.3682682086977,3799,28170,245.7,5.5
105.80459062622391,3808,28253,247.1,5.52
105.36830502417216,3805,28290,248.1,5.4
105.14281509111271,3807,28154,248.9,5.48
104.75394426878887,3792,28117,247.6,5.44
104.32955574639112,3805,28102,249.1,5.26
104.43234132787238,3819,28093,248.3,5.14
104.8197604606833,3811,28003,248.8,5.1
105.49125280733752,3816,28127,247.8,5.29
105.1194845692558,3828,28252,247.5,5.28
104.39263733764575,3834,28251,245.8,5.39
104.58172008681282,3831,28133,247.1,5.39
104.52728819318293,3831,28131,247.1,5.38
104.7519676294943,3839,27985,245.7,5.54
104.54311193917638,3831,27893,245.6,5.49
105.02830224481562,3824,27863,247.3,5.58
105.42176880969811,3827,27824,246.5,5.75
105.44544139776995,3847,27692,247.8,5.7
105.9964212197269,3842,27576,247.3,5.76
105.9658722541861,3861,27487,248.5,5.88
106.54795720895554,3866,27512,249.2,5.88
107.17834056770002,3852,27566,248.7,5.99
107.00332534122096,3851,27451,247.0,6.08
107.1842499790787,3855,27588,247.5,6.22
107.90936210259761,3860,27725,245.7,6.28
108.44939454258106,3876,27753,243.9,6.36
109.1827302252206,3888,27731,242.4,6.24
109.00809509904653,3892,27848,243.2,6.26
109.25028436472695,3882,27715,244.0,6.09
109.40760188487316,3871,27573,243.5,6.19
110,3881,27568,244.3,6.19
110,3861,27576,244.3,6.19
110,3879,27661,246.2,6.06
109.55019517969146,3876,27651,246.5,6.25
109.52636303279449,3867,27562,245.0,6.42
109.6949720406656,3872,27680,246.6,6.41
109.89481614586053,3856,27572,247.0,6.53
109.72065670159934,3854,27432,245.9,6.67
109.68003889600782,3863,27421,244.8,6.59
109.42838947212546,3849,27276,244.9,6.6
109.63453427508351,3837,27372,246.3,6.67
109.96455635558428,3833,27266,246.2,6.78
109.2760115381417,3834,27298,247.4,6.58
109.2978592046128,3854,27378,246.1,6.5
109.22596871280992,3859,27521,246.0,6.37
109.79315060162483,3875,27470,247.4,6.43
110,3891,27552,248.6,6.62
110,3900,27674,247.3,6.6
109.31658553779978,3880,27763,247.5,6.6
109.16965918140609,3891,27768,245.9,6.54
109.53353331333017,3895,27773,244.3,6.39
109.4711556564816,3879,27832,243.3,6.42
109.58915855862347,3895,27755,244.1,6.3
109.5755749666055,3900,27793,244.4,6.38
110,3900,27708,245.2,6.51
109.9342612266646,3900,27599,245.9,6.32
110,3887,27506,246.4,6.18
110,3895,27418,244.7,6.21
109.70275451427074,3900,27406,245.6,6.23
110,3900,27522,246.6,6.18
109.41455978213999,3882,27658,248.2,6.03
110,3889,27624,247.7,5.96
110,3897,27577,248.5,6.14
109.83861136096002,3900,27429,248.2,6.15
110,3900,27574,246.3,6.14
110,3892,27696,247.3,6.2
110,3886,27760,247.9,6.22
109.56139445653316,3894,27880,246.8,6.22
110,3887,27849,244.9,6.26
109.71674659075796,3881,27865,244.3,6.2
109.38044606122178,3863,27899,243.6,6.04
109.24881141798569,3862,27964,244.2,6.0
109.54439363702144,3849,27829,244.9,6.19
109.61988778238454,3857,27739,244.9,6.36
110,3849,27714,243.3,6.2
109.69894679784865,3837,27751,242.7,6.02
109.03098558119176,3834,27796,243.0,5.97
108.80038743693548,3826,27700,242.3,6.0
108.19777065837916,3812,27739,244.1,5.87
107.97716733937939,3818,27619,245.4,5.94
107.4628423541386,3825,27690,244.1,5.74
106.91403445336523,3815,27654,243.2,5.66
106.17424263065531,3809,27655,242.8,5.68
105.84685597006936,3805,27513,243.7,5.5
106.1926857128424,3810,27633,243.4,5.6
106.69584962487635,3797,27689,244.7,5.48
106.81364067145215,3792,27548,243.6,5.29
106.54614980928902,3791,27536,244.1,5.45
106.30496754803495,3799,27487,245.2,5.5
105.81146557052226,3802,27447,243.7,5.49
105.65836499132438,3808,27323,245.0,5.43
104.94330022918021,3816,27468,245.5,5.24
105.50713500152278,3836,27438,246.5,5.25
105.44509259740146,3852,27305,245.4,5.45
106.05250806419428,3872,27218,246.9,5.63
106.00178087222581,3887,27279,248.3,5.74
105.81613573474829,3869,27184,248.7,5.84
106.47805981047695,3850,27087,247.8,5.76
105.89679407369805,3843,27017,248.9,5.89
106.36419604655477,3853,27000,246.8,5.71
105.6059357080157,3868,27128,247.8,5.65
105.32977290215335,3880,27231,246.5,5.74
105.36101161974048,3897,27305,245.8,5.59
104.63822985234896,3897,27155,245.5,5.56
104.57263769441755,3900,27056,243.8,5.52
104.57729046923018,3900,27174,245.3,5.65
104.33468359250145,3891,27223,244.1,5.69
105.04651196923805,3888,27248,242.7,5.82
104.59314714130709,3870,27291,242.6,5.78
105.06591282902536,3850,27428,243.5,5.91
105.05327703619818,3842,27299,244.3,5.81
104.42321765350798,3841,27291,244.4,5.64
103.97654688031113,3849,27177,244.3,5.46
104.48891850503226,3853,27241,245.5,5.49
104.17656985209396,3865,27106,245.3,5.62
104.18025656551873,3872,27057,245.8,5.72
104.39775589484167,3892,27077,244.3,5.65
105.04970705938726,3886,27017,244.0,5.56
104.76630153110644,3876,27000,245.0,5.67
104.3167878390617,3892,27145,244.1,5.83
103.74942120315399,3900,27128,243.5,5.7
103.97738208704739,3894,27154,243.5,5.89
104.7154137380514,3882,27152,243.0,5.96
104.19286736906834,3893,27077,243.7,5.98
104.44274706736084,3900,27061,242.7,6.12
104.16301295313009,3900,27136,244.4,5.98
103.95159110134225,3900,27043,243.1,6.1
103.4530947529344,3896,27109,242.3,6.01
103.83817545506797,3878,27170,241.7,6.01
103.36637988421323,3868,27208,241.9,6.16
103.15898326747077,3850,27172,243.3,6.0
102.39963065591556,3834,27071,242.1,6.08
101.70257068084827,3839,27216,244.2,5.89
101.22154593747871,3857,27313,243.5,6.01
101.40989048630094,3855,27462,245.3,5.93
101.54020853028955,3848,27325,246.9,5.98
101.3943553046637,3862,27404,245.3,5.86
101.06707133712881,3872,27367,246.7,5.9
101.8026774033504,3872,27258,246.8,5.83
101.63738659036733,3889,27327,247.6,5.78
101.39463067012713,3899,27399,245.5,5.6
100.79104439388955,3899,27337,247.1,5.44
100.17396890005708,3898,27434,247.1,5.45
100.20416984952708,3885,27434,246.6,5.61
100.28560360075895,3888,27361,246.0,5.42
100.16203693696785,3887,27353,244.4,5.47
100.95271027332177,3884,27442,244.0,5.52
101.0493231984536,3885,27477,243.9,5.7
101.46531875692669,3900,27374,244.2,5.88
102.15756593485976,3892,27324,245.5,5.79
102.14694597665827,3900,27320,244.3,5.76
101.9373545725616,3891,27251,245.6,5.88
101.93949266327841,3897,27325,243.8,5.73
102.46498092959037,3890,27288,242.3,5.54
102.35814148863409,3890,27187,242.4,5.73
101.62084077059548,3887,27112,243.4,5.81
100.94459674359759,3883,27000,245.3,5.69
101.07921204015432,3900,27010,245.2,5.5
100.83391339034982,3880,27000,243.8,5.32
100.60050669800148,3879,27106,245.6,5.15
101.20295609196509,3887,27151,246.1,5.25
101.73043697292432,3883,27005,244.2,5.08
101.52770141764665,3879,27064,244.8,5.14
101.04209031746993,3875,27042,246.4,5.0
101.71202856596626,3888,27000,246.1,4.98
101.17434571760677,3877,27000,246.8,4.96
101.78329199746914,3883,27000,245.8,4.84
101.7364207123899,3891,27000,245.2,4.66
101.10071264552826,3900,27000,243.9,4.65
100.87524876625643,3881,27053,245.4,4.48
101.23524442905143,3872,27040,244.5,4.61
100.61398298663036,3860,27000,244.0,4.64
100.72734664577465,3875,27053,245.6,4.6
101.07781792310146,3876,27146,247.3,4.59
100.28475135937389,3880,27056,247.5,4.4
99.59085963466762,3877,27000,247.5,4.28
99.84674501985779,3892,27000,248.1,4.47
99.79429338887931,3894,27080,249.5,4.47
99.1153030917724,3879,27199,247.5,4.66
99.38028986118402,3874,27181,245.7,4.59
99.3344875455573,3891,27046,244.9,4.78
100.07296192256237,3875,27001,245.8,4.83
100.05436437057276,3892,27000,246.3,4.73
99.73148877388941,3900,27108,245.6,4.7
99.48052882559251,3883,27109,244.7,4.82
99.76189669702565,3900,27232,245.9,4.88
99.70508548812009,3900,27319,247.2,4.89
99.09652165874016,3899,27185,247.7,4.74
98.55564517666173,3900,27042,249.1,4.77
98.15037136188889,3889,27150,247.5,4.69
98.21045797283541,3900,27300,246.9,4.85
98.33181334561475,3900,27306,245.9,4.7
97.5841399323813,3900,27386,245.1,4.52
97.40040376684756,3900,27358,243.5,4.71
97.50871210910798,3900,27474,245.0,4.88
97.02496513114475,3900,27473,244.3,4.77
96.48192127978862,3900,27514,243.6,4.91
96.10459506525568,3900,27523,243.3,5.1
96.02757520012942,3887,27404,242.8,5.03
95.34195517479004,3867,27290,244.8,4.98
94.96762223135548,3850,27311,243.5,4.86
95.49671980112193,3841,27168,243.6,4.89
94.92225423219293,3860,27117,244.5,4.89
95.50387194778041,3869,27180,243.3,4.88
96.00965366648991,3867,27034,243.2,4.97
96.00768783506581,3855,27094,243.1,4.86
96.6315784001883,3835,27083,243.6,4.84
95.91548938511465,3831,27155,243.2,4.93
95.41418333632154,3824,27249,243.2,4.86
94.92270420677298,3804,27234,245.0,5.05
95.38009138245346,3791,27242,245.7,4.96
96.00056098037864,3774,27382,246.7,4.97
95.78034912931665,3773,27511,248.1,5.09
95.38130197717322,3783,27629,246.3,5.11
95.50243144489178,3772,27519,246.1,4.96
94.7486828245214,3787,27598,246.8,4.84
95.52178030152334,3806,27624,246.4,4.73
96.05938356850582,3808,27607,245.3,4.88
95.55844140530442,3814,27660,245.0,5.0
95.8764514084624,3825,27757,245.6,4.87
95.4667657570946,3820,27747,245.1,4.81
95.95983245735043,3828,27802,245.0,4.82
96.33996105113918,3818,27817,246.4,4.81
96.43898245854612,3803,27834,247.8,4.63
95.72011323078002,3814,27687,245.7,4.54
96.41138390980252,3819,27611,246.3,4.62
95.62788702844135,3825,27573,247.5,4.74
94.99859993908848,3841,27664,245.7,4.61
95.3103782007853,3857,27591,247.3,4.61
94.6543197780763,3841,27444,247.3,4.53
94.3117893407497,3824,27395,246.9,4.7
95.08976069825627,3840,27529,247.7,4.82
95.81157435680133,3830,27659,245.7,4.81
95.18164351039556,3842,27647,243.9,4.88
95.06196649543841,3842,27550,245.1,4.97
95.16464278035671,3858,27421,243.4,5.0
95.76802706501195,3850,27539,242.1,5.09
95.50833963144697,3833,27510,243.9,5.21
96.1595522131093,3849,27612,244.4,5.12
96.06646390196907,3830,27498,244.3,5.1
96.22642440395272,3811,27487,243.3,5.04
96.33075269709309,3821,27376,244.3,5.15
96.11510286836318,3825,27313,243.5,5.26
95.47461641965123,3841,27175,243.3,5.1
94.80877900430161,3845,27311,244.4,5.2
94.10798508621536,3831,27448,243.7,5.04
94.87989455908493,3845,27485,242.4,5.14
95.41064153928995,3836,27338,243.9,4.95
95.9581911392915,3841,27270,242.9,5.03
95.41926290101566,3828,27338,243.1,5.08
95.4196733544804,3836,27439,244.3,4.96
95.9176761263968,3833,27561,244.3,5.01
95.2526162725694,3843,27451,245.6,5.08
94.60055033313465,3852,27570,246.0,4.91
95.25977355672696,3832,27487,244.1,4.93
95.60332699716047,3820,27536,242.5,4.78
95.16270891332735,3816,27463,244.2,4.89
94.99693084365654,3810,27503,243.5,5.01
94.45497681694896,3802,27447,242.7,5.04
93.92713571698023,3783,27427,244.6,4.97
93.76278522182322,3777,27540,243.1,4.95
93.77831949906553,3794,27650,243.3,5.1
93.85025933613304,3807,27657,245.0,4.93
93.6736553654151,3811,27613,246.8,4.91
93.73792817197453,3791,27616,247.8,5.09
93.01836006202235,3806,27586,247.4,4.99
92.7331507547962,3791,27472,248.4,4.98
92.58498868251938,3810,27502,247.9,5.05
93.26624818889103,3807,27358,247.8,4.87
93.89624907160082,3819,27396,248.6,4.97
93.45768202754932,3830,27319,248.0,4.91
93.7382332900078,3825,27183,246.8,4.86
94.33763313157357,3838,27139,247.2,4.91
94.6414401479575,3832,27027,248.4,4.94
93.92564670427276,3820,27124,248.6,4.96
93.98740783196632,3836,27034,249.5,4.76
93.3754323196464,3820,27081,247.3,4.82
93.82573251925575,3840,27057,246.3,4.92
94.16150042423773,3855,27052,245.1,4.9
94.5709020996792,3869,27000,244.2,4.88
94.736594386307,3862,27000,244.2,4.76
94.04305777403961,3850,27000,244.2,4.94
94.61163947248589,3838,27135,243.1,4.85
94.41671757527338,3819,27235,244.4,5.04
93.89226962543377,3802,27203,244.8,5.03
94.21941916531547,3813,27263,245.3,4.91
94.91279510258151,3803,27309,246.2,4.93
95.11102359264892,3796,27427,245.4,4.87
94.46325481403433,3806,27363,245.9,4.92
94.29165137787862,3816,27452,244.0,5.07
94.74716741789831,3832,27411,244.1,4.91
94.43695777505154,3839,27458,243.9,4.79
94.5254258521492,3858,27601,245.7,4.78
94.18351444042793,3875,27707,246.6,4.82
94.94542256177333,3892,27592,247.1,5.01
95.5038518084307,3875,27610,246.3,5.04
96.10232068989404,3869,27581,248.0,5.08
96.47361988534907,3849,27567,247.2,5.18
96.76107506530931,3845,27423,246.6,5.35
96.22567932294348,3844,27462,246.8,5.55
96.70373957126762,3835,27363,245.9,5.59
97.05020466062423,3835,27430,246.6,5.39
97.35281829744875,3835,27468,248.2,5.22
96.6720232590126,3841,27448,247.2,5.15
97.15549096986797,3836,27306,247.7,4.98
97.74048843587181,3835,27160,248.2,5.12
97.34339083811767,3837,27095,248.8,4.98
97.91817718993828,3849,27106,246.6,5.17
97.9774076676133,3850,27072,247.9,5.28
97.59742143764699,3841,27000,249.3,5.13
97.12468955847646,3856,27116,247.6,5.23
97.7507867933881,3871,27150,246.2,5.4
98.21044954018225,3861,27221,244.8,5.3
97.46257975959993,3857,27185,245.9,5.19
97.95492919989901,3861,27183,247.1,5.39
98.33414474669105,3842,27304,247.5,5.4
97.63600873264951,3826,27188,247.3,5.48
98.40487276323242,3839,27185,247.3,5.53
97.88841190476985,3840,27061,248.6,5.7
97.30652276282035,3822,27068,246.7,5.65
96.51624068157781,3812,27086,245.1,5.69
96.2194521067559,3794,27055,244.9,5.55
95.55523858672008,3800,27000,245.0,5.54
96.06690581006931,3789,27000,245.1,5.62
96.00104521484818,3773,27000,245.0,5.72
95.78854959272742,3765,27000,245.7,5.91
95.86851421415253,3773,27000,247.0,5.94
95.7142483329861,3789,27087,246.5,5.96
95.68244557654111,3804,27026,244.6,5.99
95.59477888205254,3820,27072,243.2,5.97
95.13354780365117,3811,27000,243.8,6.13
94.44898574430592,3805,27096,243.7,6.31
93.9429082880313,3790,27245,245.0,6.48
93.85980809831034,3808,27177,244.6,6.6
93.5844575363831,3827,27105,245.8,6.5
92.93955325190572,3843,27095,244.0,6.35
93.72923107124346,3825,27000,244.7,6.46
93.2725767882075,3844,27001,245.7,6.62
93.83795659617893,3842,27000,244.8,6.65
93.08031146953286,3845,27000,243.3,6.52
93.17996724795391,3844,27089,244.1,6.62
92.96677744082746,3832,27006,244.8,6.71
93.42300816712394,3830,27000,246.4,6.84
92.76067472009527,3848,27000,247.0,7.0
92.87938506197321,3832,27000,248.0,7.15
93.50405553112212,3829,27000,248.9,7.09
93.20325127655511,3815,27000,248.6,7.01
92.751996265659,3802,27140,247.6,6.89
93.29622697487865,3798,27030,246.7,6.89
93.4946479933306,3808,27169,246.5,7.02
93.87490177852722,3824,27129,246.8,7.09
93.52115896353101,3841,27152,246.1,6.93
93.3991276307162,3856,27093,246.7,6.9
93.25492119441836,3873,27008,247.3,7.05
92.6025359428109,3864,27000,245.4,6.97
92.48985207983935,3865,27000,243.8,7.1
91.92892387279787,3845,27000,245.3,6.97
92.03864608152149,3859,27126,243.7,7.16
92.7822885292173,3873,27161,244.0,7.08
93.15394304500202,3882,27235,243.0,7.2
92.5197410131933,3890,27258,242.1,7.12
92.77545068162989,3878,27199,241.6,7.02
93.4042336127659,3872,27264,242.4,7.01
92.95587955670484,3862,27259,242.3,6.83
92.85930688455416,3866,27386,243.5,6.84
92.35065945183517,3846,27391,243.0,6.66
91.65777866645907,3839,27451,244.4,6.53
91.67831200327936,3856,27440,244.3,6.58
92.37417192279385,3863,27395,243.3,6.61
92.59372322855137,3880,27460,243.6,6.53
92.34221873433117,3869,27482,244.3,6.7
93.10302287107821,3865,27527,243.6,6.51
92.420089826063,3850,27511,242.0,6.62
92.36057625664175,3853,27530,243.4,6.63
92.23801224351342,3873,27639,243.3,6.44
92.82625421494583,3887,27721,244.2,6.44
92.7232721010183,3897,27835,245.3,6.29
92.02624053059681,3888,27771,244.2,6.14
92.64559148645665,3878,27918,242.6,6.1
93.31276099750245,3870,27794,241.1,5.9
93.92071442439658,3887,27923,241.2,6.04
94.63292730082883,3897,27786,243.1,6.21
94.95010810456114,3900,27850,242.9,6.16
94.65219927986682,3900,27955,241.7,6.03
94.45791601011285,3880,27879,242.5,6.21
94.66041580353446,3895,27871,243.8,6.39
94.3827128390283,3887,27763,243.7,6.3
94.53337237706656,3872,27777,243.4,6.44
93.95053734909172,3853,27660,245.1,6.62
93.8656050727929,3862,27587,246.5,6.69
94.29566588943229,3855,27567,247.0,6.81
95.09133327984757,3861,27425,248.5,6.78
95.01796285061084,3849,27281,249.8,6.74
94.79916039116162,3867,27332,248.2,6.93
95.00938686827708,3853,27276,247.2,7.13
94.44820269254431,3868,27200,247.2,7.32
94.61249562342446,3869,27116,246.5,7.21
94.4637929022699,3867,27044,244.7,7.17
94.36201258350512,3886,27175,245.7,7.19
94.99364220117174,3871,27255,244.7,7.14
94.92090373372231,3870,27284,246.4,6.96
95.55642835769798,3853,27153,247.3,6.96
94.78972664231992,3864,27112,246.6,6.92
94.95247524426502,3872,27031,246.6,7.08
95.28889854512369,3891,27000,245.7,7.18
95.34286564353773,3900,27090,246.1,7.26
95.61803482479685,3900,27217,247.1,7.09
96.08260158912988,3900,27262,246.7,6.98
95.9615967724074,3887,27196,247.0,6.92
95.51806479831039,3900,27160,248.3,7.03
95.89611170652381,3900,27046,246.8,7.15
96.08025816097972,3893,27186,244.9,7.0
95.44284305825953,3893,27103,246.2,7.14
95.93835116415778,3873,27162,245.2,7.2
95.58802985732578,3875,27240,246.7,7.38
95.62385826472071,3886,27243,244.8,7.32
95.1812525298923,3880,27130,244.3,7.41
94.98193397459289,3873,27162,244.2,7.35
95.63293269908294,3883,27171,243.2,7.49
95.96652465643683,3882,27131,244.3,7.56
96.43647586398251,3867,27104,246.2,7.71
96.9923623148267,3864,27000,245.5,7.59
96.76328606911393,3863,27000,246.9,7.57
97.52838543033182,3868,27138,247.5,7.51
98.09441939854696,3878,27060,248.7,7.66
97.3008732072438,3884,27119,249.4,7.65
96.64362180205968,3874,27069,249.3,7.83
96.12890730292219,3891,27043,247.7,7.97
95.4139857102918,3877,27071,247.9,7.85
95.49978920290309,3866,27040,247.4,7.81
95.33154368004371,3859,27013,245.6,7.87
95.60896651293848,3868,27000,243.9,7.85
95.07433802748947,3874,27000,245.2,7.86
95.33899511409786,3875,27116,244.3,7.87
95.69869935713093,3868,27253,245.2,7.72
95.71127935294567,3860,27385,243.6,7.65
96.15835529959858,3856,27257,245.1,7.48
96.46792773345835,3852,27134,245.9,7.48
96.83351270071294,3849,27085,244.6,7.48
96.87138155046354,3852,27155,244.2,7.29
96.47331270255921,3847,27123,244.2,7.41
96.21218814517057,3862,27096,243.8,7.4
96.43088714871915,3864,27060,243.0,7.25
97.1056505306975,3878,27018,241.5,7.43
97.78842091602411,3882,27103,242.2,7.49
97.78319514626061,3874,27202,241.0,7.65
97.11927197062509,3894,27338,241.1,7.55
97.37447137271478,3900,27311,241.0,7.62
96.70718407849873,3887,27380,241.5,7.51
96.532411364977,3889,27513,241.7,7.67
96.38582249442894,3885,27395,240.6,7.53
95.69147517531127,3874,27518,241.4,7.36
96.10430067693122,3867,27415,241.7,7.25
96.45304418501938,3859,27509,242.3,7.23
95.84701726937801,3870,27596,243.8,7.42
96.0749065693976,3856,27560,243.9,7.35
96.21038988339082,3848,27650,243.8,7.44
95.87031408157975,3849,27512,245.2,7.47
95.29805596624875,3830,27379,246.8,7.28
95.61705460661396,3828,27289,248.3,7.1
95.36365799675309,3824,27410,247.8,7.02
94.98986938006207,3807,27402,246.3,6.94
95.23518815533662,3804,27357,245.3,7.03
95.03565639755094,3793,27408,246.5,7.14
94.46881586293202,3785,27539,244.6,7.02
94.07849184712063,3776,27486,244.8,6.92
94.1982421301036,3768,27576,243.5,6.81
93.81590916273889,3763,27543,242.8,6.66
94.4953515699619,3772,27535,242.4,6.78
94.98707441365922,3764,27668,241.5,6.91
94.44188649609688,3758,27646,242.2,6.85
95.08116488387225,3752,27626,240.8,6.7
94.7368490127581,3736,27735,241.6,6.85
94.26956899896155,3734,27723,242.4,6.68
94.39924664968784,3725,27870,243.7,6.51
93.67730465429388,3725,28007,244.4,6.58
93.37032159085616,3709,27947,245.1,6.55
94.09104537094264,3689,27969,243.4,6.47
94.5809234951918,3688,27898,244.0,6.57
95.23448896079199,3673,28016,244.2,6.55
95.60420899836156,3674,28011,242.6,6.53
95.19998734889666,3688,28007,241.8,6.48
95.07145253932963,3695,27914,242.9,6.61
95.64403949013776,3690,28061,244.7,6.75
95.70367621784646,3695,28007,245.7,6.57
96.1523745887576,3705,27901,246.7,6.69
95.76975847511217,3687,27866,246.5,6.8
95.02792128514724,3686,27874,247.8,6.65
94.66155797134546,3679,27899,246.1,6.66
95.30041132162361,3692,27941,244.3,6.85
95.86132370409068,3690,27818,242.6,7.0
96.27981684945767,3698,27764,242.3,6.96
96.07694656290685,3678,27662,243.7,6.94
95.32136361203754,3675,27562,244.3,6.78
94.84444571084053,3691,27456,244.6,6.96
94.84432339721727,3685,27568,244.8,6.81
94.3912201223882,3686,27572,245.6,6.88
94.02126897005496,3698,27673,244.2,7.01
94.71135173249752,3687,27665,245.3,7.09
94.9704103778761,3672,27699,246.5,7.14
94.64622755154073,3682,27729,244.7,6.99
93.93328759216928,3686,27593,244.7,6.91
93.1418461058073,3673,27453,244.1,7.02
93.3824597036394,3669,27346,244.8,7.01
92.60842027688851,3666,27464,243.9,6.84
93.28323339656019,3677,27422,245.0,7.0
93.3357239255442,3659,27357,245.4,6.9
93.28853846716052,3671,27253,245.7,6.73
93.70660042644776,3657,27367,245.8,6.73
93.72829693637266,3646,27268,244.4,6.54
93.05384659076289,3644,27372,245.2,6.43
92.79801281693378,3627,27329,246.3,6.43
92.3986551080353,3638,27337,247.1,6.49
92.86922143498441,3623,27386,247.8,6.59
93.29618750563446,3612,27376,246.0,6.41
93.12463236420716,3594,27343,244.3,6.44
92.8263226924096,3597,27199,245.1,6.55
93.1682835295304,3587,27088,243.5,6.42
92.40305374952108,3604,27114,244.1,6.51
92.74049723985928,3613,27062,242.7,6.48
92.72788233251187,3625,27118,244.5,6.68
93.40697655647575,3622,27000,243.4,6.75
93.6800217218122,3625,27014,242.4,6.59
94.01215426000246,3611,27000,241.2,6.49
94.01104218108603,3606,27002,241.9,6.59
94.46408293205147,3605,27065,242.9,6.39
93.79545816083969,3610,27191,242.4,6.42
94.51674510445676,3621,27229,243.2,6.55
94.40096930667873,3630,27112,243.3,6.38
94.6486929598986,3644,27062,244.9,6.57
94.59016419847907,3657,27156,243.8,6.68
94.68454301322194,3643,27040,243.2,6.72
94.64565321028041,3636,27091,244.7,6.78
94.46336457733469,3646,27094,243.7,6.61
94.40776863262334,3651,27094,245.3,6.53
94.00586123182183,3671,27128,245.2,6.36
94.09081581394005,3661,27000,244.3,6.26
93.60138368646714,3641,27000,245.0,6.28
94.26367292865108,3653,27000,244.8,6.26
93.68297185120669,3658,27000,243.5,6.14
93.69982975192154,3657,27000,242.2,6.01
93.38239117038239,3676,27000,242.4,5.91
93.43011940309795,3665,27000,241.5,6.11
93.28443467715088,3684,27000,242.5,6.04
92.81893127845608,3682,27064,242.0,6.21
92.61754698014596,3684,27083,241.8,6.05
93.15222200639333,3667,27217,241.0,6.0
93.0807938273653,3648,27136,239.9,6.16
93.02080015391657,3635,27161,241.8,5.99
93.37970717005315,3640,27155,241.2,6.13
93.1971032170865,3629,27291,242.6,6.23
93.95773259828344,3610,27205,241.7,6.23
93.99765481531087,3627,27100,243.6,6.26
94.50167833865018,3622,27023,245.1,6.19
93.99071673321814,3637,27128,246.7,6.07
94.41887249491229,3624,27171,246.6,6.18
95.11168687755408,3618,27028,248.2,6.36
94.87107240021724,3611,27156,249.0,6.33
94.7575600382783,3611,27129,247.3,6.31
94.27982874583329,3629,27014,247.5,6.27
94.39179899782242,3641,27015,246.5,6.21
95.05004523028529,3638,27000,246.1,6.28
94.31910595423032,3622,27000,245.9,6.37
93.62124081381234,3639,27000,246.4,6.36
93.39778399472647,3637,27082,246.4,6.45
92.77863153931241,3644,27000,247.4,6.53
93.32607998217726,3651,27000,248.2,6.62
93.84387574460175,3640,27113,248.3,6.7
94.58578411572483,3636,27125,246.7,6.9
95.07888362799115,3639,27050,247.7,7.04
94.40011921151321,3621,27000,247.6,7.03
95.01675516857395,3607,27000,248.0,6.87
95.47961460948214,3626,27000,248.8,6.67
95.08499845149426,3612,27074,250.0,6.5
94.40256114412341,3630,27017,249.3,6.33
93.6555146380978,3646,27000,249.6,6.53
93.93297883182169,3657,27035,249.7,6.63
93.35818416261502,3656,27000,250.2,6.79
93.44126368759038,3654,27057,250.5,6.75
93.97036672943533,3638,27190,250.8,6.89
93.34255980594368,3621,27167,251.7,6.78
93.32364820045937,3605,27183,250.3,6.79
93.98803465878882,3617,27050,249.8,6.95
94.06457174830793,3605,27000,250.6,6.98
94.2680286325509,3595,27070,248.8,6.99
93.97368207110407,3580,27000,247.4,7.14
94.40520163325623,3599,27000,248.3,7.2
94.36648127844117,3585,27000,247.5,7.24
94.16411440471401,3593,27000,246.3,7.06
94.66395762382543,3604,27074,245.8,6.89
94.29268941492614,3586,27016,246.5,6.93
94.99788335527742,3604,27072,246.3,6.99
95.6344601155013,3586,27112,245.7,7.11
95.82161434678608,3599,27068,243.9,6.96
95.60524872900339,3586,27000,245.3,6.79
95.95711031641599,3581,27051,244.0,6.97
95.45143505594865,3566,27154,242.7,6.79
96.19165561610957,3556,27034,243.7,6.98
96.70896415993461,3561,27125,243.5,7.18
96.98001275492437,3573,27096,242.5,7.29
96.53190727718979,3571,27207,242.9,7.23
96.77615464306751,3587,27242,243.0,7.15
97.48412245409754,3575,27390,243.3,7.21
97.94760661529425,3560,27365,242.7,7.31
98.33700890880567,3557,27370,241.5,7.27
98.9236781036453,3548,27496,241.5,7.33
99.22941956822477,3529,27381,241.2,7.19
98.76540364108368,3519,27478,240.5,7.31
98.73856298736318,3523,27406,242.7,7.31
99.01026381817789,3529,27379,243.6,7.34
99.73674330554402,3520,27306,242.1,7.31
100.35322297332722,3527,27292,241.8,7.28
99.76594864369594,3507,27344,243.7,7.31
99.838609260576,3503,27410,245.1,7.45
99.99314963120821,3496,27403,243.5,7.37
100.75983748438074,3487,27406,243.4,7.48
100.12218522199952,3498,27504,243.6,7.58
99.43131348621495,3503,27435,244.4,7.46
98.78269192732144,3510,27578,243.7,7.36
98.15170201163555,3495,27703,242.7,7.3
97.65728240587237,3475,27674,242.5,7.15
97.71019168003772,3488,27790,244.3,7.21
96.99621689908774,3475,27918,244.9,7.15
97.71502663188984,3492,27998,243.3,7.08
97.259195181984,3500,27869,243.0,7.05
97.01845150607707,3488,27857,244.7,6.97
96.21976671516391,3480,27725,245.8,6.95
96.94987392436408,3470,27808,247.4,7.14
96.47897023049532,3468,27844,246.8,7.28
97.19344508532629,3469,27741,246.8,7.11
97.49907446628434,3450,27630,246.0,7.09
97.33581764018629,3457,27509,244.3,7.24
96.986451808656,3460,27365,244.0,7.25
97.13477231703752,3464,27364,244.4,7.19
97.02952011555426,3453,27402,243.9,7.24
96.50076394583564,3445,27389,243.3,7.39
95.7453382909452,3456,27520,243.5,7.45
95.69746031740243,3471,27650,244.1,7.37
95.32561821996852,3468,27726,245.8,7.4
94.6364182248997,3468,27697,244.8,7.58
94.25433077052585,3479,27835,246.4,7.53
94.96616063080252,3459,27810,244.8,7.36
95.41614017965092,3454,27694,244.3,7.42
94.66330147793191,3435,27795,245.6,7.31
94.03099439122023,3447,27685,244.2,7.13
93.9685573769816,3465,27658,246.0,6.94
93.71733400591823,3466,27620,244.7,6.79
93.08468588230981,3467,27506,244.9,6.81
93.12530344010077,3475,27632,244.2,6.94
92.66383163942245,3459,27568,244.2,6.96
93.41786241663036,3440,27497,245.7,6.79
92.71290941871563,3450,27579,244.9,6.91
93.12852073556634,3433,27655,245.9,6.97
93.10778721184758,3418,27765,245.4,6.84
92.67955725481637,3402,27707,246.9,6.72
93.24473433967061,3410,27579,246.1,6.86
92.90729696681086,3398,27485,244.2,6.7
93.55873937149893,3385,27365,245.4,6.55
93.6086785967527,3404,27453,246.9,6.54
93.19978839503763,3385,27402,246.2,6.5
92.94967819227077,3404,27473,245.7,6.45
93.13752154273536,3424,27346,246.4,6.46
93.34157736961089,3414,27430,247.3,6.55
93.45842515619721,3401,27558,248.3,6.38
93.98766818556255,3385,27608,246.8,6.28
94.14627703096014,3404,27509,248.0,6.37
94.06598157234812,3394,27420,246.7,6.32
93.82623456865213,3383,27363,245.9,6.33
93.53830073926332,3365,27479,245.8,6.2
92.84371366017716,3356,27380,244.8,6.32
92.43447439251769,3371,27393,243.4,6.42
91.79369134790663,3383,27245,243.6,6.36
92.37845403806237,3367,27243,242.1,6.55
91.9937822622268,3355,27193,242.2,6.41
92.12505305493893,3348,27301,241.0,6.22
92.0037086874676,3353,27418,240.1,6.17
91.24251010335787,3372,27370,241.5,6.0
91.33516686088879,3359,27391,243.6,6.07
91.7261498830539,3379,27281,242.6,6.2
90.98869273403123,3360,27214,242.2,6.1
91.28196208433476,3372,27231,242.0,6.11
91.74701614976006,3369,27287,240.6,6.25
91.6258308756326,3351,27181,240.7,6.32
90.89114031501612,3354,27234,240.1,6.42
90.4913114750148,3348,27181,239.4,6.3
90.80809697055659,3334,27205,241.3,6.27
90.58822964289938,3336,27126,240.5,6.08
90.98219212308697,3333,27139,241.2,6.09
91.56649057099462,3353,27000,241.4,6.2
92.34139845067021,3357,27041,240.7,6.28
91.67466886348384,3368,27115,242.8,6.43
91.87218286765801,3358,27258,243.1,6.24
91.26007163616192,3363,27339,241.8,6.04
90.74022742776016,3382,27281,243.4,5.88
90.8202155641758,3373,27402,243.6,5.88
90.24027032651234,3391,27312,245.1,5.96
90,3411,27346,245.5,5.9
90.06504669079081,3413,27462,243.9,5.97
90.81548975383102,3426,27461,245.1,5.93
90.95820607851785,3446,27529,244.4,5.95
91.48296194992716,3452,27641,243.2,5.88
91.20572068547074,3471,27700,244.4,6.0
91.08850573484456,3455,27786,243.1,6.04
91.88048423651017,3438,27882,242.5,5.91
91.42483662804464,3454,27931,242.4,5.76
90.90654799344222,3457,28021,244.2,5.94
90.32071251802003,3468,28096,245.1,5.99
90.15797458760215,3450,28136,246.2,6.11
90.67426385641127,3434,28043,246.5,5.94
91.08031707170922,3434,28038,248.0,6.05
91.37111968667523,3454,27900,248.4,6.15
91.6145751999016,3455,27950,247.7,5.98
91.59481789006541,3444,28008,248.7,5.87
91.20623148054602,3438,28098,246.8,6.01
91.4988228688158,3451,28245,248.1,5.98
90.75850249773731,3441,28163,248.3,5.79
91.43277068648351,3441,28210,246.5,5.76
90.63837625203112,3435,28223,246.5,5.96
91.28731373483575,3441,28332,247.2,5.84
90.50695412832377,3446,28206,247.1,5.81
91.25476095295932,3451,28182,247.4,5.99
91.12132593011364,3468,28289,248.4,6.13
91.73326062805668,3450,28167,249.3,5.99
91.45016878317927,3458,28310,247.3,5.86
91.66378991614987,3460,28332,245.7,5.98
92.27410510100972,3467,28382,245.2,6.11
91.54688801041462,3482,28527,245.6,6.15
91.70352286941146,3475,28526,246.4,6.09
92.20072242176805,3476,28622,247.4,5.98
91.48736632809278,3474,28587,247.8,5.94
91.10470354775988,3493,28530,246.8,5.94
90.50696749513914,3510,28512,246.3,5.8
91.2095510132949,3517,28550,244.7,5.8
91.35745498520309,3534,28608,245.7,5.67
90.76463754480281,3533,28535,246.6,5.49
90.30275444191288,3541,28587,247.9,5.32
90,3558,28690,248.7,5.16
90,3545,28656,248.2,5.01
90,3555,28571,246.5,4.88
90,3561,28486,247.7,5.08
90.75961917155679,3575,28420,246.6,5.18
90.16626528429713,3573,28537,246.9,5.05
90.2593356214861,3585,28571,245.8,4.88
90.71666449284756,3566,28552,246.1,4.83
90.77648073956335,3561,28422,244.5,4.98
91.05707746374867,3545,28298,244.0,5.06
91.3548153623122,3538,28312,244.3,5.14
91.85489842289957,3540,28426,242.8,5.06
92.50421015926139,3542,28425,243.0,4.93
93.17384626471477,3561,28450,244.0,4.9
93.60484177810199,3566,28309,243.7,4.85
93.15403953225827,3552,28420,243.5,4.88
92.57915833714515,3562,28462,242.2,4.91
92.59213255916004,3564,28482,242.8,5.09
93.25021960364218,3553,28578,244.5,5.15
93.03174323553795,3558,28522,244.4,5.1
93.29825306133549,3576,28630,244.9,5.29
93.92085568792908,3577,28535,246.3,5.42
94.64831163061115,3572,28440,244.5,5.42
94.17909831903381,3589,28553,243.2,5.59
94.82628586786083,3608,28518,243.5,5.5
94.20197836299742,3625,28385,245.1,5.46
94.79078757838764,3610,28451,243.7,5.48
94.23076893312019,3630,28371,243.5,5.62
94.00094210056946,3641,28419,243.0,5.63
94.62039123593141,3661,28542,243.9,5.44
93.91883061391698,3670,28426,242.9,5.28
93.76034616388745,3680,28341,241.4,5.34
94.11350987003283,3691,28326,242.6,5.29
94.04031567823506,3677,28180,242.0,5.2
93.49060517288665,3670,28260,243.6,5.15
92.91786244132909,3653,28290,242.5,5.01
92.71717191193505,3653,28356,244.1,5.02
92.61035972712126,3657,28279,244.6,5.06
92.9103460551264,3654,28233,243.9,4.93
92.75667719644731,3655,28300,245.4,4.9
91.96563751372676,3668,28258,243.9,4.88
92.39519933004674,3679,28232,245.5,4.84
91.72976880771253,3683,28231,246.4,4.97
92.35268088683821,3684,28170,246.3,4.78
91.94718695632224,3681,28103,247.6,4.62
92.51266910908816,3688,28075,247.3,4.73
92.36569989744396,3680,28001,245.9,4.77
91.74999013350157,3666,27919,246.0,4.8
92.48338645005457,3646,27930,244.5,4.69
92.26494436565234,3664,27795,244.1,4.63
92.97912602087094,3655,27818,243.8,4.46
93.15374924223538,3655,27743,244.2,4.52
92.86576602219657,3637,27604,244.5,4.5
92.8668313839389,3621,27686,245.7,4.68
92.4373646560656,3602,27818,246.6,4.52
93.04681408657558,3590,27810,245.5,4.36
93.30777842197655,3593,27666,247.2,4.4
93.57555287070358,3596,27542,247.8,4.4
93.81848738906159,3589,27512,249.1,4.55
93.25579253580685,3589,27422,247.7,4.43
93.98791496653074,3609,27325,245.7,4.6
93.61650825669271,3596,27353,246.6,4.8
93.80844321947605,3597,27412,246.1,4.94
93.16172660619324,3598,27496,246.1,5.03
93.07591785386711,3608,27561,245.2,5.12
92.76690431703702,3597,27470,245.5,5.0
93.20215278476918,3582,27562,244.8,4.98
93.41532645785088,3586,27551,243.8,5.06
92.90359123834163,3576,27518,242.6,4.93
92.35738364755137,3594,27395,241.2,4.97
91.6456311591731,3597,27510,242.0,5.04
91.833242534558,3577,27489,240.6,5.01
91.82475136844033,3596,27635,241.4,5.02
92.46085760307919,3586,27661,241.3,4.89
91.76132489582663,3604,27745,240.7,4.88
91.68598745308627,3601,27885,239.9,5.0
91.99623664533065,3607,27881,241.1,4.99
91.38814912092533,3619,28030,240.6,5.15
91.9634287225605,3607,28068,239.5,4.98
91.33793251801961,3626,28048,239.1,4.96
90.96921337191309,3633,28134,241.3,5.04
90.70308442478341,3636,28006,242.2,5.0
90.90744169058273,3648,28136,241.3,4.83
91.27613153385884,3664,28145,240.6,5.01
90.72841810775508,3667,28221,240.4,5.15
91.05729738995898,3667,28123,242.2,5.29
91.33823557889787,3654,28239,243.9,5.22
91.44338930317402,3657,28380,244.1,5.25
91.47275919916386,3671,28503,245.5,5.37
91.39708008519645,3672,28491,243.8,5.19
90.60098374551175,3660,28526,244.6,5.16
91.06566184687154,3652,28631,245.8,5.12
90.68329657780963,3635,28719,245.0,5.07
90.7526286016434,3623,28784,243.2,5.0
91.30937670748655,3641,28758,242.0,4.89
91.32519423438993,3659,28703,242.1,4.79
91.40936167431634,3652,28642,241.4,4.67
91.0419545998002,3666,28556,243.3,4.72
90.7312675717762,3657,28559,241.9,4.68
90.85834847566305,3666,28429,241.2,4.62
91.58065537757534,3685,28502,243.1,4.55
91.2524873789706,3678,28594,242.9,4.48
91.96365543027241,3670,28600,244.5,4.45
92.5388957301414,3657,28570,245.5,4.46
92.7686675062354,3667,28543,245.6,4.34
92.14081766397213,3675,28459,247.0,4.17
92.5555113651619,3692,28327,245.1,4.37
92.80815267790878,3707,28181,243.8,4.53
93.55383647817379,3692,28215,244.3,4.45
94.03979838475769,3672,28104,243.7,4.33
93.42339332877953,3652,28072,243.4,4.21
93.75904658968031,3668,28154,241.9,4.31
94.30251317042028,3661,28090,242.5,4.43
93.82420447758227,3641,27959,243.1,4.62
93.46900072738971,3656,28109,243.4,4.7
93.4584892223997,3665,28189,244.1,4.8
92.67472423066755,3653,28242,244.2,4.73
92.42404179347817,3663,28321,243.5,4.57
92.09458967210928,3663,28415,243.5,4.64
91.41013997721952,3647,28423,244.0,4.64
91.35432731568771,3658,28382,244.2,4.56
91.59998370916539,3652,28246,244.5,4.64
92.3494220421124,3669,28362,243.4,4.72
92.49841347695968,3665,28243,241.9,4.54
92.9162402802494,3654,28162,242.5,4.7
93.58994989745078,3647,28247,241.7,4.84
92.80995550103005,3664,28242,243.5,4.73
93.43771661500541,3682,28185,243.3,4.6
93.37635112352967,3674,28136,245.0,4.43
94.00962733083541,3661,28255,246.4,4.47
94.15437465557434,3651,28330,245.3,4.41
93.73126619364129,3663,28421,243.6,4.22
92.96346130804841,3651,28505,244.2,4.28
93.56887913289039,3668,28619,243.3,4.46
93.81620824926044,3668,28596,244.8,4.56
94.17104817964965,3666,28465,244.8,4.52
93.89088849643133,3682,28407,245.6,4.67
93.20413189359212,3696,28381,245.1,4.55
93.00241471797227,3705,28482,245.4,4.63
93.26840053809467,3685,28402,245.1,4.82
92.81805062694538,3673,28393,246.5,4.99
92.30342690899454,3686,28422,246.2,4.87
91.89110421417026,3689,28492,246.3,4.86
91.71479597955032,3685,28457,246.7,5.05
91.054453370122,3679,28495,247.6,5.03
90.98006269113613,3669,28511,248.0,4.97
91.66342559115455,3688,28528,248.5,4.99
91.89554318903143,3680,28515,249.2,4.98
92.43624546477339,3684,28480,249.8,4.79
92.09886527766321,3673,28618,247.6,4.93
92.48520414393164,3658,28593,246.9,5.09
93.20491773225751,3675,28717,246.3,5.17
92.71270696570029,3692,28828,245.3,5.12
93.46647672385653,3672,28782,245.9,5.09
92.845717248138,3687,28803,247.4,5.1
93.386679645531,3675,28881,245.8,4.98
93.37996546739319,3665,28974,247.1,5.03
93.4531145571201,3667,29083,246.9,5.09
92.93586722781528,3677,29039,245.9,4.91
92.55316319039409,3660,28937,246.1,4.79
93.32976335928,3674,29072,247.2,4.72
92.85533015091562,3677,29097,245.3,4.86
93.39131416379294,3661,29048,246.4,4.75
92.81061456712398,3678,29088,247.0,4.9
92.01150762465778,3682,29009,246.0,4.7
91.86346626126618,3680,28864,244.8,4.65
91.94674786107612,3697,28944,245.0,4.76
91.89420902396022,3709,28794,245.4,4.61
91.45484847236973,3700,28836,246.9,4.64
91.84982807799722,3684,28720,245.2,4.65
92.61264694712902,3685,28815,246.8,4.58
92.72514644655799,3667,28722,246.4,4.65
91.98633305606832,3647,28630,246.6,4.67
91.78672003755742,3665,28715,246.5,4.57
92.07554651773717,3684,28809,245.0,4.58
91.49846300161883,3664,28675,243.4,4.56
92.11492967097467,3672,28741,244.5,4.47
91.49416257122301,3686,28670,246.1,4.42
91.42443384303188,3698,28744,245.7,4.6
91.18469774198428,3700,28721,245.1,4.5
91.5577736461023,3713,28574,245.9,4.45
92.28016047359894,3713,28557,244.1,4.55
92.17512975323014,3697,28652,243.4,4.64
91.60248991187379,3693,28665,244.1,4.77
91.37919166919191,3682,28614,244.4,4.73
91.04714191756591,3699,28572,246.1,4.69
90.5251930372543,3687,28663,245.9,4.8
90.2235983283859,3688,28550,247.0,5.0
90.14216795271659,3682,28661,248.3,5.05
90.49374646695323,3684,28571,248.4,5.09
91.20726712290991,3680,28547,246.8,5.17
91.92614357119763,3666,28560,247.6,5.03
92.63782307550355,3671,28638,246.6,4.84
92.42799748716745,3661,28515,245.0,5.01
93.16801328970146,3652,28625,244.9,5.03
93.78541967147137,3635,28712,245.4,4.96
93.07780496347502,3650,28845,247.1,5.09
92.43195182997285,3663,28863,246.2,5.04
92.14599158924376,3673,28918,245.3,5.23
92.21915939254596,3664,29040,245.8,5.37
92.94729332623831,3645,29060,244.5,5.41
93.1212505808697,3631,28951,243.3,5.36
93.31185946149385,3615,28923,244.6,5.29
93.37312774971151,3628,29068,245.9,5.47
94.06022571040101,3622,29145,244.2,5.29
93.57383668676988,3607,29173,244.9,5.41
92.91365547395428,3605,29171,245.5,5.53
92.2390352877951,3605,29060,246.3,5.53
91.89869860156564,3592,29195,247.1,5.64
92.67089885406673,3599,29081,245.3,5.73
93.31146751563416,3598,29225,246.1,5.71
93.10939848210403,3599,29210,246.0,5.86
93.86386032214331,3596,29306,245.2,5.76
94.20151596592943,3595,29346,243.5,5.69
94.64498419847823,3597,29320,245.4,5.69
94.90627413065447,3597,29444,245.8,5.64
94.67850094958938,3584,29341,246.1,5.81
94.07616850218632,3583,29359,245.1,5.72
93.8486520140005,3577,29370,246.3,5.82
94.04940512050129,3584,29329,246.1,6.01
94.0953739635925,3600,29290,245.0,6.05
94.33160240888851,3601,29346,244.5,6.1
93.76201593166186,3583,29291,244.4,5.97
94.37382037681763,3573,29288,244.3,6.13
95.0152796492757,3578,29385,244.3,6.21
94.33524996095345,3573,29457,245.4,6.37
95.08069447901653,3569,29349,246.8,6.54
94.50561183588114,3552,29287,247.1,6.55
94.60792316557057,3540,29188,247.3,6.5
93.82069329531626,3553,29228,248.7,6.53
94.23793389122768,3572,29160,249.5,6.69
94.85554558668409,3558,29284,249.6,6.72
95.13971007307238,3573,29180,249.2,6.74
94.91457990536163,3557,29065,248.1,6.57
94.16026789670457,3550,28982,247.3,6.73
94.7445678252346,3546,28985,246.0,6.64
94.44575136096819,3537,28891,246.7,6.66
94.8414504754194,3535,28779,245.0,6.77
94.62229220628458,3547,28866,246.0,6.73
95.01654336913903,3550,28841,245.8,6.73
94.25214025273075,3543,28879,245.3,6.63
94.69874790999624,3562,28808,246.7,6.67
94.0781926559392,3548,28948,245.4,6.52
93.30486645084237,3533,29064,245.2,6.63
93.89016812054336,3540,29030,246.8,6.71
93.95546458555494,3534,29009,247.4,6.91
94.4606346427452,3539,29128,246.3,6.74
94.07317540549145,3541,29074,247.1,6.81
94.18793210715408,3555,29053,248.1,6.71
93.90523941992453,3549,29121,247.7,6.74
94.08005878850051,3535,29030,248.5,6.77
94.69314252552319,3543,29135,249.3,6.74
94.84443830459465,3523,29060,249.8,6.72
95.5270941749868,3535,29021,250.9,6.68
95.71611855571011,3552,28968,250.3,6.72
95.27781783787113,3549,28875,250.3,6.84
95.23873486674457,3546,28868,248.1,6.76
94.87952085406985,3564,28882,247.5,6.88
95.32271741916664,3579,28988,247.5,6.72
95.33481707173434,3559,28884,246.3,6.75
95.6990336994627,3543,28762,246.8,6.59
95.33976421615785,3535,28631,246.4,6.63
94.92745098851009,3554,28575,247.4,6.62
94.85841939415026,3572,28649,245.4,6.76
94.82832788432263,3586,28577,243.7,6.91
94.6261719786958,3566,28467,245.4,6.84
94.75023330790337,3575,28554,246.9,6.68
94.41614597339688,3568,28491,247.2,6.64
93.86098497619776,3566,28504,245.8,6.67
94.1138790398173,3566,28389,244.6,6.66
94.67045388231334,3551,28264,245.6,6.82
94.19197515263657,3544,28282,245.2,6.91
94.59727217105366,3524,28258,243.6,6.85
95.31664544548126,3533,28290,243.5,6.72
95.2613194923858,3548,28173,242.9,6.59
95.84896839417277,3530,28134,242.4,6.63
95.9627623507625,3515,28227,244.3,6.58
95.83978075595007,3529,28188,244.5,6.43
95.86205419668627,3541,28072,245.6,6.36
95.21688284416155,3540,28128,244.2,6.19
95.64798610756056,3537,28277,244.2,6.21
95.07017608532422,3539,28225,245.4,6.27
94.36318003949567,3548,28154,245.3,6.16
93.97589960893619,3552,28198,245.4,6.14
93.79091466149873,3560,28315,246.8,6.19
93.53679260510897,3572,28221,246.4,6.16
93.93530465239576,3556,28246,246.4,6.06
94.31374779384677,3551,28237,245.2,6.09
94.91395587805914,3533,28236,246.4,5.92
95.01414736752058,3545,28232,245.2,5.96
94.2336906303358,3536,28152,246.4,5.98
94.76861572312991,3549,28064,248.0,6.0
94.57762637887367,3548,28088,246.5,5.82
93.91064451578826,3542,28133,247.6,5.81
94.388808967976,3559,28110,248.1,5.92
93.93543177941987,3540,28064,249.1,5.73
93.37685268816391,3541,28039,247.5,5.71
93.3258883278735,3527,28072,249.0,5.89
92.61543985013523,3536,27923,248.9,5.7
93.04345779653994,3551,27992,247.6,5.53
93.43723082911171,3535,28027,246.9,5.51
92.78615959578413,3554,27909,245.9,5.6
93.17610106398047,3566,27968,244.1,5.42
92.51673570072823,3560,27833,244.2,5.36
92.64998088699157,3540,27805,245.0,5.21
92.91729119984785,3520,27877,245.7,5.3
92.18456889432301,3519,27906,246.1,5.16
92.83999656796013,3521,27942,246.0,5.14
93.13407852957457,3520,27949,245.6,5.07
93.17006163380515,3530,27995,244.3,5.25
93.47635813430371,3529,27908,242.9,5.31
93.79417533245004,3518,27986,242.0,5.17
93.81059404342082,3515,27953,241.7,5.07
93.42299537217757,3534,28037,243.1,5.1
93.84228579131093,3551,28176,243.6,5.09
94.09496957865048,3566,28107,243.1,5.25
93.74185916185799,3574,27987,244.2,5.33
93.22313311139212,3566,27884,243.7,5.27
93.68849437862971,3584,27801,245.3,5.43
93.72383848676213,3588,27724,243.5,5.62
93.0383273594521,3608,27720,244.2,5.51
92.44897970390598,3604,27698,245.2,5.41
91.70629755541563,3589,27795,245.3,5.47
92.3094033465655,3605,27796,243.6,5.41
92.14269471493824,3602,27710,244.6,5.36
91.63791085068495,3600,27759,244.4,5.5
91.84226605970119,3596,27678,244.6,5.7
91.53364047201318,3586,27564,245.9,5.56
91.49076299444563,3581,27456,244.7,5.47
92.08031120504752,3591,27449,246.2,5.52
92.66086042072062,3610,27433,247.6,5.44
93.09567907675068,3621,27501,246.1,5.39
93.84029338159506,3606,27510,245.4,5.44
93.10821256977717,3623,27467,245.2,5.31
92.61275957659115,3620,27586,243.9,5.33
93.27143355189705,3608,27617,245.3,5.29
92.53547852883987,3588,27517,245.8,5.4
92.14866434395925,3568,27578,246.6,5.5
92.75791729264202,3574,27691,245.8,5.33
92.75207551277458,3571,27682,247.4,5.41
92.48755620149286,3569,27741,245.5,5.22
92.36032843488225,3581,27704,243.8,5.05
92.13164769589582,3561,27673,243.7,5.18
91.67637723077989,3574,27642,242.1,5.09
90.89295118286944,3566,27531,243.2,4.89
91.51391129807546,3557,27670,244.2,4.8
91.2043601066137,3571,27642,244.8,4.88
91.71370055371762,3580,27693,245.2,4.89
91.58105815253859,3572,27575,245.3,4.78
92.37303462878626,3578,27685,246.4,4.69
92.37284734233494,3564,27835,246.2,4.84
92.02339882003504,3577,27772,247.5,4.97
91.22575522104897,3574,27864,245.7,4.79
91.9480046733699,3563,27899,246.9,4.89
92.11675972752738,3571,27768,246.7,4.91
92.64139249192628,3577,27717,245.0,4.88
92.54803745785186,3592,27663,245.5,4.81
92.11057898736458,3605,27635,243.8,4.97
91.8110146419372,3585,27500,242.1,4.86
92.47961117915605,3589,27587,243.7,4.79
91.81788900857839,3580,27634,244.0,4.81
91.59146283281953,3578,27663,245.5,4.95
91.34636721644614,3558,27581,245.3,4.79
90.65954484502014,3545,27695,245.4,4.76
91.38246172902366,3558,27813,246.4,4.93
91.95525195293149,3568,27853,245.7,5.03
91.56105423165359,3562,27788,244.0,4.92
91.14630223908216,3567,27780,242.3,4.94
91.05991276283456,3554,27784,244.1,4.94
90.65105950569851,3546,27879,242.9,4.84
91.06262918875314,3530,27842,244.4,4.79
91.65089763241431,3533,27808,243.4,4.67
92.18722864355473,3540,27702,244.2,4.79
92.85150204838251,3530,27799,246.0,4.71
92.92568891095952,3549,27727,245.7,4.75
93.50619825350171,3533,27714,245.7,4.67
94.14914822955599,3530,27757,245.1,4.48
93.57870884090357,3545,27776,246.5,4.34
94.17395979464128,3542,27909,247.2,4.14
94.05808529319296,3525,27829,247.4,4.28
94.5684704848759,3545,27953,245.9,4.15
94.55312111461008,3563,27993,244.6,4.17
94.9335033961022,3552,28019,242.9,4.34
94.9129219995569,3556,27942,242.0,4.24
95.5838247242147,3536,27803,243.7,4.39
94.79518079890933,3526,27761,244.7,4.47
94.1257700259483,3532,27854,245.4,4.31
93.45744648871033,3512,27869,246.9,4.13
92.74331699598329,3527,27845,247.9,4.17
91.94707789534192,3540,27827,247.4,4.2
92.23287888897424,3552,27766,247.3,4.02
92.37665589976852,3552,27874,248.5,3.92
92.3144525409207,3572,27912,249.3,3.73
92.16987961050624,3583,27910,249.4,3.65
92.69474741433189,3570,27780,247.2,3.53
92.11130453824681,3589,27918,245.2,3.37
91.41157487249072,3588,27891,245.7,3.25
91.51864012712912,3605,27883,245.1,3.27
91.69594640090989,3588,27993,244.0,3.25
90.97578405018358,3582,28007,245.2,3.28
91.62817867425716,3588,27932,244.6,3.42
91.54163782926013,3586,27800,245.8,3.41
92.19028574923712,3588,27773,244.7,3.44
92.58699171314008,3578,27817,243.3,3.32
91.79380191050979,3559,27668,244.3,3.2
91.88529248364844,3578,27581,246.1,3.27
92.38985039748222,3593,27698,247.5,3.28
91.64168073744231,3575,27770,248.2,3.17
91.04011071136668,3558,27679,246.1,3.27
90.87683952666733,3569,27787,245.7,3.37
90.3733552517625,3580,27864,243.9,3.29
90.26319529502135,3594,27754,245.3,3.47
90.78625220158828,3597,27670,245.1,3.37
90.9549475100333,3597,27766,243.9,3.2
90.20006904158147,3608,27709,244.5,3.22
90.56064660247688,3598,27632,244.1,3.2
90,3605,27520,243.3,3.12
90,3605,27650,243.0,2.94
90.77096844840102,3613,27603,242.0,2.94
90.81799777359899,3602,27741,243.1,2.88
91.56917344095925,3602,27658,241.9,2.76
91.65265693292525,3594,27589,242.2,2.85
91.62394903611577,3597,27448,243.4,2.78
91.12374733848694,3582,27452,243.7,2.77
91.31303946506443,3596,27529,242.9,2.95
91.46774666945109,3605,27452,244.7,3.15
91.77136336111667,3601,27511,246.0,3.06
91.08599196835617,3588,27563,247.2,2.89
90.72509963827589,3568,27544,247.6,2.79
90.58134437342072,3575,27677,247.7,2.76
90.56031522052997,3557,27807,248.2,2.74
90.80123412278712,3575,27944,247.1,2.89
90.96395316143355,3564,27943,247.6,2.86
90.77303579098403,3544,27881,246.0,2.69
90.66903631400271,3536,27941,246.1,2.78
91.34093599424857,3520,28083,246.0,2.78
91.14601811177752,3536,28074,246.8,2.79
90.88005311314966,3530,27927,247.8,2.88
90.7812440192506,3543,28057,249.1,2.91
90.97864020003226,3530,27972,248.7,2.89
90.49174398471713,3521,28027,248.8,2.77
90.80965738188448,3520,27954,248.6,2.59
91.46052640772389,3502,27888,249.5,2.52
92.22001946478606,3515,27832,250.0,2.61
92.00174561224777,3511,27771,250.1,2.43
91.64927336172485,3507,27807,248.3,2.35
92.2616559847799,3488,27736,247.4,2.38
92.73444889627724,3476,27795,246.2,2.3
91.98046542196145,3484,27732,245.8,2.35
92.4607572681215,3483,27632,246.2,2.38
91.9770283609667,3474,27751,245.5,2.5
91.40286756650467,3467,27693,244.2,2.66
91.62295651926716,3469,27840,243.7,2.81
91.09736166938782,3456,27774,244.5,2.99
91.31165864273771,3458,27776,243.4,2.9
90.71499185055767,3451,27742,243.3,2.85
91.43242398141523,3471,27622,243.1,3.03
91.06382035919731,3482,27518,243.1,2.88
90.33023214675671,3466,27401,244.0,3.04
90.91715426301644,3458,27392,244.9,3.07
91.21280047406563,3456,27379,244.0,3.24
90.76504641612983,3466,27299,243.5,3.22
90.71135786702234,3452,27363,244.4,3.16
90.43089997294732,3434,27476,243.0,3.28
90.32261946119588,3443,27615,242.1,3.48
90,3461,27696,242.1,3.29
90,3473,27603,241.4,3.28
90,3476,27505,240.5,3.08
90.59353637173814,3489,27398,242.7,3.06
91.26562801880426,3499,27252,242.1,3.16
91.75064921571322,3489,27212,242.2,3.32
92.44031097204494,3494,27344,243.3,3.37
92.93392210862994,3499,27297,242.8,3.25
92.99218615698702,3501,27426,244.8,3.13
92.93072395308943,3505,27477,245.7,2.95
92.27803473680086,3488,27543,246.4,2.9
92.0026365761463,3477,27470,244.6,2.74
92.29894597101595,3461,27341,242.9,2.61
92.5713653298063,3456,27197,244.9,2.6
93.10436615802038,3437,27247,244.3,2.45
92.6838751345684,3432,27196,244.8,2.51
93.45132014596904,3416,27136,244.6,2.41
93.68470774730395,3412,27230,246.0,2.32
93.82594121294186,3392,27360,244.3,2.44
94.0624665046972,3389,27339,242.8,2.43
93.90204936194111,3376,27441,242.1,2.29
94.3242754221423,3372,27463,243.8,2.17
94.4643994085931,3359,27355,244.3,2.18
94.95791503512943,3371,27297,244.4,2.05
95.64204821445489,3379,27196,244.2,1.89
96.42109382355281,3384,27314,243.4,1.99
96.37690260335063,3390,27446,244.8,1.88
97.1246244765954,3375,27313,245.0,2.04
97.72572774442882,3366,27246,244.5,1.96
98.22637242044642,3373,27380,242.8,1.97
98.87997636840821,3368,27336,242.4,2.07
99.63632775897268,3368,27463,241.4,2.2
99.48874552348495,3374,27414,241.0,2.18
100.24101139539714,3355,27385,242.7,2.38
100.77354988946573,3335,27405,244.3,2.49
100.87434029569515,3316,27356,243.6,2.52
101.2068155971348,3319,27353,243.6,2.32
100.44098019540421,3328,27447,245.3,2.44
100.70316177236033,3321,27572,245.1,2.47
100.4121636548391,3333,27668,243.9,2.53
100.05392360566023,3346,27760,244.3,2.47
100.61972818980168,3364,27690,245.2,2.28
100.03477937453016,3363,27642,246.3,2.45
99.35591163248768,3360,27783,247.8,2.33
99.83009168859869,3374,27663,246.5,2.4
99.25289700928698,3372,27541,247.6,2.26
99.1677298877823,3381,27675,245.6,2.36
98.46853904761772,3380,27729,246.4,2.54
98.0911228998333,3374,27591,245.6,2.43
97.85529676201242,3362,27667,245.5,2.44
98.20652323340275,3344,27687,245.6,2.43
97.80085852235075,3344,27573,246.6,2.42
98.21349758515005,3328,27522,245.7,2.38
98.24866716048378,3315,27635,244.6,2.5
98.92834657359072,3324,27760,242.9,2.7
99.21402238264665,3332,27730,242.5,2.53
99.43480453886654,3333,27857,241.0,2.36
99.17116884100813,3328,27840,242.4,2.35
99.77951700783665,3323,27945,243.1,2.47
99.24038315303834,3317,28016,244.3,2.48
99.12188897594235,3334,27901,243.5,2.35
98.686754381658,3316,27751,245.4,2.35
98.2491212773758,3327,27854,246.2,2.38
97.6690073630701,3346,27731,246.7,2.54
96.95517900513495,3337,27851,245.1,2.74
97.2969314085171,3331,27978,244.3,2.86
97.60446961627657,3315,27862,245.7,2.83
97.20317831410256,3321,27747,244.2,2.88
97.26464421011342,3316,27689,243.3,2.68
96.78082166295246,3326,27668,243.8,2.61
97.30389498484939,3344,27786,245.3,2.77
97.42254607303386,3335,27881,243.8,2.87
98.014214181153,3330,27878,244.1,2.74
98.0760004489662,3349,27824,242.6,2.86
98.80409492810233,3342,27755,242.1,2.67
98.08207998315147,3335,27626,240.8,2.49
98.70632203069317,3343,27488,240.0,2.31
98.22862985429057,3340,27591,239.5,2.13
98.32697368418224,3357,27699,239.9,2.2
97.88421126863956,3375,27713,241.7,2.34
98.55499794004034,3375,27574,243.2,2.24
99.31719119902856,3378,27476,243.3,2.33
99.65860105576972,3361,27594,242.6,2.34
99.6879425440614,3344,27609,241.2,2.19
99.40953650037625,3337,27700,242.5,2.06
99.29400547781263,3353,27811,241.1,2.07
99.30063012620842,3335,27813,241.1,2.15
99.25522754101587,3326,27805,242.8,2.06
98.58188243319631,3316,27748,242.8,1.95
98.80265355074728,3328,27744,242.6,1.96
98.26109795503405,3315,27608,242.3,2.07
98.03087593433972,3314,27472,241.6,1.98
97.80548224690358,3334,27522,242.0,1.8
98.12689498123395,3349,27507,244.0,1.89
98.33424436518555,3342,27604,243.6,1.91
97.68234215352072,3362,27754,245.1,1.98
97.51636690396097,3377,27610,246.5,1.8
96.90838597412093,3390,27578,245.6,1.85
97.57208743661738,3373,27578,244.8,1.98
97.46580955545346,3361,27666,245.3,1.93
97.67519261551963,3364,27577,244.2,2.04
97.4235729759202,3359,27668,245.3,1.96
96.93194659497705,3349,27549,245.5,1.88
97.42205135574831,3341,27419,247.0,1.99
96.8503121756865,3331,27351,248.2,1.94
96.45936671420925,3330,27468,249.6,1.81
97.0252421939944,3340,27397,250.3,1.96
97.02291942966284,3323,27315,250.4,2.11
97.15819290728317,3331,27297,248.7,2.25
96.63127192379316,3350,27409,246.7,2.24
96.09334492427675,3330,27367,245.8,2.25
96.63986789291687,3346,27436,245.9,2.41
97.1031127398601,3357,27549,244.4,2.38
97.12956157181202,3341,27460,245.1,2.52
97.50078027548038,3361,27405,243.7,2.46
96.7836195908193,3342,27506,244.8,2.35
95.99636779759456,3344,27363,246.4,2.16
96.58211668514544,3353,27320,245.9,1.97
97.28909706684593,3359,27170,245.4,1.95
97.14759369854151,3378,27025,243.9,2.09
97.73448719070637,3366,27000,242.8,2.13
97.97781780139695,3377,27044,242.5,2.18
98.08343245622427,3368,27060,241.0,2.25
98.73518467746885,3356,27000,241.8,2.39
98.11999645491697,3345,27000,241.7,2.19
97.32677554127146,3365,27000,241.7,2.2
97.89420578853115,3366,27092,243.2,2.23
97.79784423077466,3363,27021,242.7,2.12
97.25857939309677,3350,27158,243.7,1.95
97.00710065547933,3351,27302,244.5,2.08
96.90405580323652,3370,27348,244.7,1.89
96.80231920102774,3351,27441,245.4,1.94
97.58788377179404,3339,27315,244.2,1.82
97.50178950890538,3326,27288,244.3,1.66
96.9096646589231,3309,27406,245.0,1.82
96.3273304994572,3311,27399,244.2,1.7
96.16357414890301,3307,27536,244.1,1.52
96.53458918795239,3322,27665,243.0,1.45
95.9175744874294,3304,27715,243.0,1.46
95.20668579585886,3310,27624,243.8,1.35
94.66936774492538,3306,27491,243.2,1.27
95.2721286720116,3319,27393,243.4,1.46
95.6631626870434,3303,27363,243.7,1.51
95.01091437858499,3300,27276,242.6,1.67
95.22024943272717,3300,27318,243.6,1.8
94.61527130812509,3319,27414,243.5,1.68
94.67461455236196,3312,27399,243.5,1.77
94.44727058389972,3300,27363,242.0,1.61
94.86590395330059,3300,27464,243.0,1.75
94.67424415203901,3312,27606,244.3,1.68
94.25863635422807,3327,27659,243.6,1.62
94.8294826470634,3333,27545,243.4,1.79
94.90646917421287,3326,27570,243.1,1.95
95.08235883233685,3331,27596,244.5,1.94
95.74875733431807,3314,27732,245.7,2.06
96.48755839236736,3326,27708,245.3,2.24
96.52788460779526,3334,27656,246.3,2.2
96.93916385087448,3331,27787,245.4,2.35
97.00508276855432,3340,27666,244.7,2.25
96.37181936037638,3354,27719,245.3,2.26
96.62471034961781,3358,27669,244.4,2.19
97.11672274179932,3365,27666,245.9,2.08
97.85666532821989,3361,27774,247.1,1.94
98.3315683641793,3357,27634,248.2,2.08
98.25391066909195,3362,27663,248.0,2.12
98.24042228549114,3348,27608,247.2,2.2
98.75589058964403,3348,27666,247.1,2.26
99.2612265131756,3366,27765,247.2,2.24
98.98326557031626,3358,27836,245.5,2.1
98.78071713138598,3370,27795,244.6,2.25
99.00100965012768,3359,27796,243.1,2.28
99.57746297134607,3351,27705,243.5,2.42
98.82909336751548,3344,27618,244.6,2.62
98.59183157543025,3351,27645,245.8,2.63
98.15632216773471,3352,27772,244.2,2.75
97.97046940849525,3367,27838,244.6,2.8
97.7097594490064,3347,27736,244.5,2.76
96.92023709604237,3339,27648,242.8,2.9
96.58448511023674,3329,27595,242.2,2.73
96.62368251994542,3342,27679,241.0,2.65
96.25282015208808,3344,27811,241.6,2.68
96.50281043566486,3345,27797,241.8,2.61
96.6625649435659,3365,27754,241.7,2.45
96.20139411709212,3356,27814,242.5,2.6
96.87708711068595,3343,27881,241.5,2.46
96.69790777391225,3337,27965,241.6,2.52
96.49044614416881,3327,27882,241.8,2.48
96.80584607394073,3308,27842,240.5,2.34
97.4870441458125,3300,27841,240.8,2.4
96.98612390187034,3310,27936,241.1,2.35
96.96983521853365,3323,28085,242.0,2.36
96.87371494779251,3341,28021,242.6,2.52
96.42641558473912,3338,27925,242.4,2.43
96.83749995022676,3335,27917,242.3,2.29
97.59965864673234,3330,27991,242.3,2.13
97.5076660413065,3336,28056,242.9,2.29
97.00368094854694,3346,28182,244.0,2.23
97.60924032749583,3353,28211,244.9,2.19
97.70475476256946,3336,28318,244.7,2.17
97.91784496241841,3338,28233,246.2,2.34
97.96783804633104,3329,28123,247.8,2.43
98.35217924428956,3341,28151,249.0,2.51
98.08343673926936,3323,28274,248.6,2.5
98.5345127671145,3309,28207,247.9,2.58
98.78040152184437,3314,28254,249.0,2.66
98.62190986414703,3300,28381,248.5,2.51
98.08832785214139,3300,28416,246.7,2.48
97.3154404752793,3312,28552,246.3,2.4
98.07928103436353,3300,28641,245.2,2.5
98.2291799905032,3300,28724,246.6,2.55
97.96669328747033,3303,28630,247.5,2.71
98.03876410868082,3300,28769,247.9,2.68
98.24809659795628,3301,28754,247.2,2.68
98.52019511662895,3321,28903,246.0,2.8
98.84188095639672,3309,28773,246.5,2.63
99.21058596626811,3300,28669,246.5,2.66
98.89719903741775,3316,28538,247.5,2.75
98.52833673121627,3308,28683,246.9,2.79
98.56237910510963,3312,28717,248.0,2.89
99.10798472320174,3316,28809,247.5,3.08
98.85504837823615,3327,28664,248.4,3.23
99.27670457511843,3326,28673,248.2,3.25
99.3779459444809,3320,28631,248.0,3.25
99.75361800185513,3315,28603,246.1,3.28
99.8580086288603,3323,28737,245.3,3.23
99.21284515794801,3307,28843,245.9,3.29
98.85945377399794,3309,28815,244.7,3.44
98.85558361669156,3322,28847,244.0,3.48
98.54783555123737,3314,28993,242.8,3.29
97.771794778048,3302,29014,244.6,3.28
98.37268397719325,3300,28870,245.2,3.25
99.06100038399491,3300,28999,244.5,3.15
98.71797843506164,3300,28939,243.9,3.33
98.25073417550011,3300,28911,244.1,3.4
97.87284919453755,3315,28868,243.0,3.28
97.31190161229604,3316,28762,244.6,3.27
97.27622447445117,3333,28708,243.0,3.14
96.82610139474687,3341,28793,242.1,3.04
97.15133317004704,3345,28791,242.3,3.12
97.83027524889667,3328,28686,244.3,2.95
97.37190575963214,3344,28808,245.2,3.05
96.73869716855386,3363,28954,246.1,3.22
96.36944869074657,3376,28951,244.8,3.13
96.72931195150191,3379,28969,244.8,3.2
97.17563613124082,3376,28968,246.0,3.1
97.32301136943764,3360,28929,246.6,3.28
97.73615697100017,3353,29067,247.3,3.18
98.19306832293626,3336,29030,247.4,3.32
97.42184436873478,3345,28917,248.4,3.12
97.77778138284098,3340,28806,248.8,3.12
98.3251598398301,3324,28941,249.8,3.28
98.06564296733345,3307,28934,249.7,3.47
97.30369315234954,3300,28790,248.1,3.44
98.07687772326057,3300,28917,246.5,3.59
98.72985917335987,3302,28919,245.4,3.55
98.43053924702667,3305,28777,245.6,3.43
98.55341647299485,3300,28744,244.2,3.59
99.00711858561793,3305,28635,245.1,3.62
99.15381724875732,3315,28646,244.2,3.79
98.8455216949603,3334,28507,242.7,3.93
98.41463430869788,3318,28404,244.3,3.75
98.83670424185264,3308,28320,242.8,3.55
98.06895277727857,3300,28262,242.9,3.69
97.35092639530764,3300,28320,242.5,3.74
97.82353017543558,3319,28439,243.5,3.78
98.26276570041621,3313,28426,242.0,3.84
98.66672747084293,3322,28491,243.1,3.91
98.61679098493119,3315,28503,244.1,3.92
98.56908121233009,3301,28444,243.0,3.95
98.77297617330528,3310,28313,243.4,3.85
99.2578670510351,3325,28183,242.4,3.77
99.07652670432189,3344,28088,241.6,3.73
98.80879798991113,3351,27976,240.3,3.57
99.55811489982966,3350,27927,241.9,3.67
98.9947616111789,3366,27905,242.2,3.68
99.07634249580724,3371,27848,240.8,3.62
99.30951288972113,3370,27938,241.6,3.49
98.55342048507272,3361,27944,240.2,3.37
98.30578916964967,3353,27858,239.1,3.36
97.93831586675604,3358,27814,238.3,3.56
98.61135258393303,3349,27770,240.1,3.59
99.40910719428247,3366,27688,239.6,3.75
98.61826829131626,3366,27540,240.5,3.81
98.93188142111285,3351,27421,242.5,3.89
99.32237853014715,3352,27313,243.9,3.84
98.80449084587079,3368,27248,245.3,4.03
98.65160342111714,3388,27205,245.4,3.97
98.84432136985465,3402,27225,244.7,4.01
99.52119730540261,3384,27097,244.6,3.93
99.129638413479,3388,27231,246.3,4.05
99.66005399982717,3377,27310,244.6,4.01
99.37753099254697,3383,27160,245.3,4.04
99.34727244664924,3393,27093,245.8,4.04
99.52523247078716,3382,27133,246.9,3.92
99.83180151932223,3390,27109,245.4,3.89
100.07893854735258,3392,27259,246.0,3.99
100.6202466275903,3407,27286,245.6,3.84
100.87427290323357,3418,27295,244.4,3.89
100.52287914777767,3438,27304,246.2,3.97
100.05342813954428,3428,27411,244.8,3.79
100.3209242279326,3428,27537,245.8,3.6
100.0773162815655,3417,27427,246.8,3.79
100.05602382602851,3400,27393,246.2,3.76
100.56920445432026,3402,27494,244.4,3.78
100.4714981462514,3393,27554,245.3,3.72
100.03895267527243,3409,27574,244.4,3.8
100.72351779453729,3411,27581,243.7,3.6
99.99759474686145,3397,27515,242.7,3.78
99.57335378762275,3409,27622,244.6,3.64
100.18207217925318,3391,27758,245.6,3.53
99.44043348878954,3372,27874,245.9,3.71
98.85680661841926,3370,27745,246.4,3.84
99.58505618934444,3361,27870,247.5,3.86
99.3523455958496,3341,28012,246.8,3.78
99.85246761331841,3352,28077,247.8,3.93
99.49881575481265,3370,28227,246.9,3.85
99.72809947515091,3379,28239,247.5,3.89
99.00707280419071,3365,28220,247.5,3.98
99.31269062940667,3372,28150,248.6,3.95
98.7571961326746,3372,28088,247.3,3.99
98.83415098254291,3371,28234,248.6,3.98
98.64718065056049,3372,28205,249.5,4.13
99.04287172526871,3382,28221,249.5,4.23
99.04548190563922,3388,28088,249.4,4.26
99.38027566007321,3395,27991,249.5,4.43
99.26214548175997,3376,27877,247.3,4.37
99.16980186405644,3381,27748,245.9,4.51
99.9467083677545,3401,27865,244.6,4.37
100.61008800886397,3401,27893,243.1,4.52
100.80386882795737,3417,27766,244.7,4.7
100.7799435208767,3405,27628,243.5,4.54
100.24345567281485,3395,27582,243.1,4.57
99.5919059508778,3407,27615,242.3,4.5
100.00571516205164,3420,27582,243.4,4.3
99.54126102297793,3417,27682,245.3,4.31
99.94490943601755,3408,27691,244.4,4.17
100.54969252138763,3405,27804,245.1,4.32
101.22347984836938,3425,27762,243.9,4.42
100.93989163119687,3441,27898,245.3,4.44
101.41823338811759,3430,27758,244.9,4.45
101.72283868473878,3420,27734,243.4,4.36
101.32046790842288,3423,27629,242.6,4.5
100.77887537885695,3427,27692,244.5,4.6
100.15357951141252,3436,27666,242.8,4.55
99.81119080144228,3445,27662,242.6,4.4
100.1855097746109,3447,27561,242.4,4.44
100.10917549933082,3441,27635,241.0,4.47
99.81507762016358,3431,27535,241.1,4.32
100.3325286711187,3413,27439,241.4,4.26
100.82694893799437,3415,27386,242.5,4.1
101.14102135496879,3401,27357,241.3,4.29
100.38070042030569,3393,27452,240.5,4.41
100.33562979688944,3394,27419,239.9,4.3
100.84140919757155,3374,27564,240.1,4.45
100.76031979804908,3380,27560,240.8,4.59
101.25229716031501,3384,27541,242.6,4.68
100.47525718630563,3375,27433,243.0,4.79
101.0182359975003,3392,27382,241.7,4.97
100.90315195185012,3407,27443,243.3,5.07
101.63253620266862,3405,27354,243.7,5.01
100.98839841882504,3386,27427,244.9,4.84
101.10860597069919,3375,27361,244.4,4.79
100.70529415956223,3364,27300,242.9,4.69
100.95217938662984,3359,27347,243.6,4.69
101.55075093287078,3347,27458,242.0,4.54
101.56391591422445,3358,27372,241.8,4.36
102.33671178038277,3349,27478,242.5,4.54
101.96166074791051,3331,27618,242.0,4.42
101.87754697197921,3340,27644,242.3,4.49
101.1816940932496,3353,27789,242.9,4.32
100.60950834955239,3341,27664,243.7,4.25
101.33237982249877,3327,27785,245.2,4.14
101.90962018357996,3341,27693,246.7,4.15
101.33422174970228,3347,27826,247.9,4.2
100.66381122974381,3355,27887,248.0,4.15
100.25008275546264,3363,28020,246.0,4.28
99.5365162297348,3352,27926,245.7,4.27
100.17203202626209,3338,27795,245.8,4.15
100.78278114266845,3354,27781,244.4,3.99
100.3506505531016,3355,27815,245.1,4.02
101.09910895179617,3367,27840,244.6,4.18
100.65493230121895,3373,27937,245.3,4.25
100.25701127774629,3374,27802,245.0,4.06
100.11611835721673,3394,27770,246.7,3.87
100.59021512427077,3398,27767,247.0,4.06
101.25482915124836,3383,27770,245.8,4.2
101.5453812491162,3378,27723,243.9,4.05
101.48721620959306,3367,27750,242.5,4.02
101.24170081658278,3370,27681,242.1,4.19
101.8718562284107,3359,27673,241.3,4.06
102.52656508270326,3357,27703,240.0,3.95
102.2158600851307,3338,27692,240.5,3.83
102.47466530984349,3336,27829,239.3,3.97
102.87171657919365,3338,27835,240.3,3.99
102.14596327260915,3330,27950,240.8,4.08
102.53168930296,3322,27958,239.5,4.12
101.77048681190219,3327,27937,238.3,4.19
102.19525472924765,3323,28016,240.1,4.01
101.8270308666203,3338,28050,240.9,4.16
102.1946479922621,3334,28179,242.9,4.05
102.80442911813913,3334,28105,241.9,4.1
103.35371828103209,3327,28087,243.4,4.15
103.28735083579235,3316,27985,245.0,4.32
104.07562505892925,3317,28113,246.8,4.33
103.45813040676626,3307,28145,245.0,4.39
102.90442218518932,3317,28170,246.6,4.22
102.45204889136262,3305,28164,246.5,4.25
103.02013163670915,3300,28037,247.7,4.18
103.10794830517392,3300,28123,247.5,4.15
103.20869844123824,3318,28193,245.5,4.31
102.61528789987189,3302,28186,243.7,4.43
102.06435643289973,3318,28330,244.3,4.59
101.64962098738201,3307,28221,244.7,4.6
102.3395081722076,3325,28261,246.2,4.73
102.06996164813656,3315,28354,244.7,4.74
102.4966833802626,3300,28472,244.1,4.71
101.79373805957026,3308,28425,245.2,4.79
101.16887065966559,3304,28324,244.1,4.75
101.48958341423801,3300,28438,242.5,4.66
100.76567051885344,3300,28449,243.9,4.86
100.87862135408646,3300,28428,244.4,5.03
101.38734850816002,3310,28520,244.0,5.06
101.15594794402855,3305,28453,242.8,5.25
100.6414398475364,3304,28359,244.1,5.11
100.70076445277608,3300,28359,244.9,5.19
100.93392364417386,3302,28378,245.6,5.15
100.62675866910719,3317,28321,244.0,5.26
100.68111721962629,3301,28454,245.3,5.38
101.23502071357267,3319,28319,245.9,5.44
100.60098352663881,3333,28266,245.8,5.34
101.01777807893828,3352,28143,244.1,5.34
101.42661604967245,3342,28112,243.3,5.32
100.77315992083435,3328,28107,243.7,5.38
101.03344055159816,3327,28086,244.3,5.41
101.6701124659929,3342,28091,244.6,5.47
102.18373869680306,3342,28096,244.7,5.58
102.71940794640588,3350,28113,244.5,5.45
102.89397873788214,3350,28074,244.5,5.52
103.39106476407294,3330,27939,243.1,5.47
103.78153951002813,3311,27984,243.8,5.62
103.48586044537564,3308,27867,242.9,5.61
104.1488587877425,3310,27831,244.5,5.8
104.57791976800938,3312,27911,243.9,5.69
105.36448342755895,3303,27957,243.1,5.52
104.76692044184807,3309,27928,242.1,5.4
104.11961709407528,3300,27917,241.9,5.53
104.70576793696246,3315,27795,241.9,5.5
104.37882366969062,3300,27882,240.6,5.31
104.56970668024276,3300,27914,242.6,5.17
105.19762665526692,3300,27990,243.8,5.0
105.1328515508079,3300,28076,244.6,5.12
104.74500382052238,3318,28223,243.0,5.07
105.13579809502598,3328,28344,242.1,4.9
104.88647924920804,3329,28292,240.7,4.92
105.65874221300405,3337,28425,239.5,4.78
106.13748502836555,3337,28375,239.2,4.77
105.54362060774419,3347,28235,241.0,4.66
105.51160460333088,3356,28162,242.8,4.79
105.5031851121469,3349,28218,244.7,4.63
104.76097592517152,3357,28273,245.4,4.57
105.45573737751039,3369,28132,247.0,4.46
105.45827313388745,3389,28153,245.8,4.46
105.09592007196024,3371,28012,243.9,4.46
105.11411216688947,3359,27895,244.2,4.48
105.69524558601121,3369,28037,244.0,4.38
106.1640581717437,3384,28043,245.9,4.52
106.88863121153989,3388,28003,244.6,4.61
106.63185147332351,3407,27896,246.3,4.71
107.17288173642282,3396,28034,246.1,4.56
106.55950974535833,3387,28058,245.5,4.75
106.8700743788102,3386,27923,244.1,4.91
107.03484863928361,3382,27916,245.5,4.79
106.40442950466803,3399,27779,246.5,4.64
106.46006193205596,3381,27869,245.1,4.72
107.15412981520359,3394,27838,244.6,4.62
107.0449364516886,3385,27814,245.1,4.49
107.17201882382412,3395,27812,245.2,4.43
107.38713086544163,3384,27696,245.8,4.34
107.38754370785564,3386,27635,246.3,4.16
106.70020594086027,3396,27637,247.3,4.11
106.35138787127312,3377,27747,245.9,4.3
106.09303338810815,3388,27712,247.5,4.48
105.92001978390525,3407,27811,248.6,4.53
106.58560669857665,3398,27877,250.0,4.48
106.47409633188352,3418,27729,249.9,4.63
106.16026160218269,3413,27594,250.4,4.51
106.13359464574242,3427,27711,248.5,4.61
106.44530903474852,3443,27809,246.7,4.61
106.47469098355502,3438,27880,245.0,4.45
106.69114410705816,3431,27749,246.2,4.55
106.7449311503617,3450,27811,245.5,4.74
106.75073798643258,3448,27801,245.6,4.62
106.7560486369128,3467,27657,247.2,4.43
106.0976458073233,3466,27755,247.1,4.44
105.64097530191452,3454,27828,245.8,4.5
105.16945054432927,3451,27808,244.4,4.61
104.70154464746588,3439,27876,243.7,4.55
104.01273945972952,3425,27940,242.1,4.62
103.28659309590925,3417,27836,242.3,4.6
103.67906980138591,3420,27840,242.2,4.41
103.10821385215296,3411,27781,244.1,4.6
103.81565407592323,3404,27931,243.0,4.44
103.91531415809531,3411,27950,242.6,4.5
103.8492387848056,3392,27857,243.1,4.63
103.25426137542544,3389,27718,241.6,4.46
103.98125889957464,3409,27865,243.0,4.35
104.60339041325517,3394,27938,242.5,4.22
104.98861324606702,3401,27873,243.6,4.27
105.33517897034439,3402,27991,244.0,4.29
104.65889932138987,3404,27853,242.9,4.11
104.53266763919537,3416,27754,242.5,4.02
105.11915771977593,3396,27805,242.2,3.85
104.3732935999004,3377,27689,240.8,3.91
104.9250925498959,3394,27636,240.1,3.79
104.51973998561131,3384,27536,239.3,3.75
105.26798314361136,3387,27575,239.8,3.78
104.47022455590403,3387,27575,239.9,3.78
104.95962215498473,3401,27653,239.1,3.65
105.21945152866927,3403,27621,239.9,3.53
105.48276422292183,3398,27740,241.8,3.6
105.07399388339016,3378,27740,240.7,3.44
104.47857746128717,3364,27815,242.8,3.45
104.22022807320053,3368,27838,242.3,3.25
104.4939912452435,3361,27864,244.3,3.11
104.56000048022895,3352,27933,244.0,2.98
104.44541066875519,3366,28036,244.9,2.95
104.89041057286754,3350,28031,245.1,2.97
104.46641534943812,3361,28171,244.9,2.83
104.47635563471235,3381,28205,243.4,2.79
104.30304697691882,3389,28079,242.0,2.76
103.99310612100498,3390,28118,243.4,2.88
103.54660218666558,3402,28120,243.4,2.97
103.45240766285693,3420,27977,241.8,2.85
103.3146892895257,3427,27851,241.5,2.88
103.14052333951696,3439,27753,241.1,2.99
103.06193436345617,3440,27869,242.3,3.09
102.32043120319976,3434,27859,242.8,2.97
102.727704597287,3421,27808,241.6,2.8
102.69583546477973,3436,27935,240.5,2.72
103.44873394225856,3451,28018,241.6,2.7
102.67590671116265,3462,27896,242.8,2.66
102.514206096451,3460,28025,242.8,2.59
102.73386985640789,3456,27913,241.7,2.4
103.02518000626694,3448,27924,242.8,2.42
102.6533933527024,3434,27958,241.3,2.58
102.56542122262942,3428,27883,240.6,2.41
103.16045793208256,3437,27988,242.0,2.56
102.82406764763871,3455,28133,241.0,2.59
103.2515577331986,3458,28272,242.4,2.49
103.14355492165757,3453,28172,242.0,2.43
102.9749960047053,3464,28286,243.7,2.4
102.4264387571578,3450,28222,242.5,2.35
102.48911480999764,3453,28123,241.5,2.52
102.66277838327946,3437,28028,241.0,2.38
103.16500486124922,3453,28041,241.4,2.35
102.65180798635538,3436,28037,243.4,2.44
102.20544046121685,3433,27899,244.1,2.48
101.51896640053441,3432,28001,245.1,2.66
100.77198799261049,3427,28089,245.9,2.85
100.19250898849235,3433,28132,247.5,2.91
100.91250100935528,3438,28259,248.5,3.05
100.67116610570419,3428,28178,246.4,2.93
100.25532230089044,3440,28061,245.3,2.89
100.37256713948467,3459,27939,243.6,2.99
100.93438362059867,3451,27817,244.9,2.79
100.64090367455891,3432,27697,246.1,2.7
101.0761756351877,3413,27815,245.3,2.53
100.94232197197843,3405,27963,246.1,2.39
101.52950753732344,3398,28091,246.5,2.24
101.34344431039453,3399,28122,247.9,2.34
101.35212012158713,3387,28120,246.6,2.38
102.00941382672839,3401,28164,245.2,2.23
101.8178737603906,3404,28057,246.0,2.2
101.9028819661914,3386,28166,246.3,2.12
101.46050150290971,3386,28107,247.5,2.06
100.75667180955237,3373,27989,245.5,1.91
99.97566193270416,3380,27934,244.0,1.86
99.63609009184329,3395,27813,243.0,1.98
98.99239401536026,3395,27666,242.4,2.09
99.53872741442376,3378,27715,241.1,1.99
99.20117472845143,3395,27810,241.7,2.15
98.81239594392417,3377,27758,241.6,2.2
99.48648327178745,3376,27855,241.9,2.22
99.767697836762,3361,27930,242.9,2.4
99.74827912409293,3370,27909,244.8,2.36
99.31780599053813,3356,28011,243.3,2.17
98.72825282289644,3358,28079,241.8,2.15
98.33447735957391,3343,27940,241.3,2.12
98.62529312240501,3329,27996,242.7,1.93
98.22382972503748,3330,27889,241.2,2.1
97.94895229796012,3322,27973,240.5,2.23
97.54112862360031,3317,28059,240.6,2.1
98.04694180484027,3312,27922,241.3,2.08
97.90690087574548,3316,28039,243.3,2.23
97.6160118017789,3300,28165,242.2,2.24
97.4195580515312,3300,28230,241.4,2.16
96.99899108733916,3315,28334,241.2,2.25
97.6801668680824,3315,28483,242.9,2.19
98.15710341171551,3318,28350,242.0,2.1
98.77841784963664,3311,28472,243.0,2.25
99.44316097279261,3300,28373,243.7,2.17
99.32871722123562,3300,28511,243.6,2.02
99.08813785869872,3301,28455,245.5,1.88
98.42979324485243,3318,28555,244.1,1.77
98.80991014568475,3316,28558,244.2,1.78
99.10501371153717,3300,28589,244.6,1.84
99.53598365797626,3304,28719,244.5,1.84
99.90530042447838,3300,28648,243.0,1.93
100.00792689873781,3307,28771,242.1,1.83
100.59494599886163,3312,28705,242.9,1.74
101.02314778328737,3312,28780,242.1,1.6
100.53379483122211,3322,28679,240.7,1.67
101.0436998784605,3316,28539,242.1,1.8
101.13307113445808,3306,28395,243.2,1.82
100.86655165906284,3300,28267,242.9,1.85
100.23172095577561,3300,28385,243.5,1.72
100.61760560207863,3318,28268,243.6,1.85
100.00344144281539,3305,28125,244.9,1.7
99.63875555105075,3317,28176,243.5,1.61
98.96162849558543,3300,28260,242.9,1.43
99.51894941931256,3311,28124,242.3,1.33
100.10913760962967,3323,28058,242.7,1.46
100.06865105198455,3331,28047,243.6,1.38
99.72102835518365,3318,28022,242.5,1.5
99.44031423615046,3311,28068,242.8,1.34
100.17431521926842,3307,27987,241.9,1.32
100.84891328074139,3312,28044,241.0,1.19
101.47510758470555,3330,27956,241.0,1.09
101.60106593590653,3321,28088,242.4,1.1
101.14197886612305,3338,28036,242.8,1.28
100.89457188484641,3324,28108,241.5,1.32
100.4962936043132,3337,28141,243.4,1.49
100.19611772345739,3318,28218,243.5,1.57
100.0409897107094,3321,28198,243.1,1.68
100.60949498378591,3333,28160,242.1,1.77
101.01340816846793,3335,28015,241.9,1.61
100.51440216315156,3343,28034,243.3,1.64
101.09052081234005,3345,27960,244.8,1.77
100.32132725332207,3337,27891,245.8,1.88
100.60018119474083,3337,27767,246.2,1.72
100.77106694724573,3343,27796,244.7,1.84
101.48253217806534,3346,27728,243.8,1.86
101.4032470784391,3339,27714,243.9,2.02
101.09917503370241,3322,27646,242.7,2.13
100.36450992933207,3312,27691,241.2,2.2
101.0711381832876,3315,27798,241.7,2.29
101.68689013190023,3335,27861,242.6,2.14
101.53300597438442,3317,27936,241.7,2.29
102.26489521789424,3304,27788,243.1,2.25
102.8198506022975,3306,27847,242.2,2.37
103.32328638353385,3300,27748,240.9,2.4
103.82983282709948,3300,27772,239.6,2.32
104.58034711513803,3300,27684,241.8,2.31
104.5907404578075,3311,27632,241.4,2.23
104.00459449184883,3321,27613,241.6,2.14
103.96328590694688,3317,27479,241.2,2.06
104.2603434015453,3330,27608,240.8,2.24
103.53139885081586,3340,27645,242.5,2.23
103.75830159519053,3353,27592,244.0,2.04
103.62942662459167,3361,27627,243.7,1.84
104.32002844211438,3376,27538,243.8,1.78
103.78598192051592,3379,27397,245.3,1.72
104.2182735022873,3392,27528,246.6,1.52
103.76120701655448,3379,27513,244.9,1.32
103.16890187828767,3385,27590,245.6,1.15
103.5924512315876,3377,27739,244.5,0.99
104.30180260460976,3384,27771,245.5,1.12
104.00656314619833,3376,27854,245.1,1.22
103.81492645938353,3390,27937,244.0,1.07
104.1224107742851,3375,27796,242.5,1.22
104.33443512176461,3394,27754,241.5,1.28
103.86130410212454,3403,27629,242.8,1.18
104.54853277054076,3400,27626,241.8,1.05
104.35452286842377,3396,27674,240.7,0.86
104.54078410053381,3393,27662,242.2,0.72
105.23094223734952,3376,27759,241.5,0.78
105.05841718087501,3386,27665,241.4,0.7
105.70189799176894,3386,27563,243.3,0.58
105.21364400882975,3383,27643,243.4,0.5
104.72824578342902,3386,27667,243.4,0.48
104.47054960921858,3396,27805,242.6,0.39
104.24802983361978,3396,27698,241.1,0.3
104.72602899319035,3389,27696,240.4,0.22
104.99426214541415,3391,27698,241.0,0.26
105.01285770758471,3404,27613,241.4,0.21
104.97778793224028,3387,27498,241.5,0.32
104.20706079314566,3399,27416,242.7,0.26
103.60993773753299,3400,27495,243.0,0.32
103.2286849177855,3406,27491,242.9,0.25
102.63553217389378,3400,27489,243.4,0.25
101.9555871871463,3413,27563,242.3,0.19
102.02129843652655,3420,27675,241.1,0.03
101.55548988977148,3422,27666,240.3,0.12
101.00577830564255,3415,27619,239.4,0
101.68890868004142,3432,27565,239.7,0.12
101.61817839011199,3452,27668,241.5,0.26
102.14350814769959,3461,27787,242.2,0.46
102.73994016318238,3464,27817,243.1,0.27
102.80162322217953,3465,27947,245.0,0.47
102.91022975803557,3481,28080,244.7,0.48
102.65433410569757,3470,28083,245.4,0.39
102.40224844732028,3456,28087,246.6,0.49
102.86455337697566,3463,27937,246.8,0.64
103.64373983167312,3464,27808,248.3,0.45
103.6207986538828,3472,27939,247.4,0.36
103.96242921166758,3469,27994,247.9,0.26
104.72233423681456,3470,28117,245.9,0.19
104.84411623868331,3464,28112,245.1,0.1
105.53246781081177,3468,28191,243.8,0.17
106.19953601365263,3454,28297,244.3,0.32
105.82954218062208,3443,28284,245.1,0.13
106.40386765703315,3425,28361,244.3,0.12
106.55498919355425,3436,28305,245.9,0.26
105.87589650256686,3441,28191,245.2,0.23
105.72140232401217,3439,28139,245.9,0.33
105.52481666396629,3426,28094,245.5,0.2
105.58888036852095,3435,28027,244.9,0.4
105.69221166406274,3417,27886,244.9,0.5
106.48608472299398,3417,27739,245.7,0.64
106.07906854807754,3422,27836,244.0,0.59
106.56917908788454,3404,27788,244.4,0.57
107.28732075877652,3401,27673,246.1,0.54
107.80250950479505,3421,27578,244.5,0.47
108.38713378530144,3439,27671,245.2,0.44
108.11598184050314,3450,27565,245.8,0.49
107.4503314992763,3451,27422,245.0,0.62
108.03107466460393,3470,27397,246.5,0.74
107.73189753746134,3487,27360,247.1,0.65
107.49417560545326,3499,27255,248.5,0.63
107.61794771112574,3498,27166,249.2,0.58
108.12538938869311,3510,27058,248.2,0.54
108.74800344110186,3526,27000,249.4,0.48
109.47977756680811,3516,27000,250.6,0.62
110,3519,27112,249.8,0.72
109.33470841754799,3532,27000,249.9,0.75
110,3540,27038,248.1,0.75
109.31717476464239,3557,27000,249.1,0.59
108.52210379819147,3562,27000,247.7,0.77
108.09227162223331,3582,27000,248.5,0.76
108.14813776037771,3600,27120,249.7,0.56
107.8503369989587,3584,27123,250.5,0.65
108.07749514758035,3568,27140,249.9,0.63
108.82233461569064,3573,27069,251.0,0.61
108.95612443780945,3582,27000,249.4,0.58
109.27794217185665,3579,27060,250.1,0.63
109.5221962840938,3571,27188,250.3,0.52
110,3582,27302,249.0,0.49
110,3592,27311,247.2,0.68
110,3598,27231,246.2,0.67
109.28725755094919,3613,27249,245.3,0.84
109.89617572309169,3614,27173,245.1,0.92
110,3599,27053,246.0,0.94
110,3591,27077,245.1,0.74
109.94482434940983,3572,27009,245.5,0.82
109.64262626434241,3566,27000,244.5,0.83
108.92823456868942,3576,27139,243.9,0.68
108.76573375538896,3576,27176,244.3,0.55
108.59603360688854,3588,27228,245.4,0.58
108.19120966586279,3600,27372,244.3,0.76
108.05013663326612,3615,27287,244.2,0.76
107.27674565169758,3611,27404,244.5,0.87
106.5755934454937,3622,27523,244.8,0.99
106.29116004131268,3623,27575,244.1,0.88
105.77223212305671,3610,27551,244.6,0.77
105.65353100567174,3599,27506,245.7,0.81
105.17605130342886,3604,27524,247.3,0.92
105.03868590199909,3607,27409,247.8,0.77
105.17096872651884,3605,27413,245.9,0.83
105.29214826279896,3596,27284,246.3,0.78
105.3553847820297,3607,27149,246.9,0.73
104.97640879785958,3594,27090,248.3,0.73
105.53384241003342,3612,27102,248.6,0.89
105.77912427262733,3600,27005,249.3,0.72
104.99662382885592,3615,27155,248.0,0.74
104.29165093879888,3595,27236,247.1,0.58
103.88675913517422,3575,27287,247.4,0.67
104.09585485217559,3582,27272,245.9,0.84
104.58683221752834,3602,27391,247.6,0.74
104.29247825913991,3615,27476,248.6,0.71
105.03492484741473,3597,27426,249.9,0.82
104.465248150965,3588,27535,249.2,0.88
104.5243374044767,3597,27407,248.9,0.7
104.90319263539959,3613,27356,249.2,0.65
104.80752953294346,3604,27231,249.0,0.49
105.02905801079592,3604,27137,247.4,0.63
105.32271022309476,3614,27000,245.4,0.66
105.76357334810783,3600,27000,245.5,0.65
105.09743220609214,3583,27000,247.1,0.54
105.7425678794792,3601,27000,247.4,0.47
104.99978819039274,3611,27046,248.7,0.41
104.80031988043348,3592,27000,248.1,0.57
105.39680442293323,3608,27143,246.8,0.76
105.23126970750512,3626,27237,246.7,0.8
105.20669116493917,3638,27372,245.2,0.76
104.66906666420536,3656,27428,247.0,0.75
104.2975514038054,3641,27572,248.4,0.72
103.75936225435669,3640,27479,246.9,0.78
103.63658536796731,3643,27509,246.8,0.95
104.21049297578355,3644,27414,246.7,0.88
104.79351240745451,3637,27291,245.5,0.85
104.03516992885531,3635,27270,244.2,0.9
104.65663438521723,3624,27344,242.9,1.04
105.04297145557867,3632,27442,241.8,0.85
105.29826966860944,3620,27341,242.1,0.77
104.85391749307153,3621,27244,244.0,0.65
104.08629762106065,3641,27202,245.1,0.84
103.34627976041165,3660,27271,246.2,0.75
103.78755361249542,3643,27380,245.2,0.68
104.24282695830155,3657,27466,244.8,0.73
105.02414653544315,3642,27567,244.8,0.64
104.77083951350366,3645,27588,246.6,0.49
104.00599625273438,3654,27591,245.2,0.57
103.95621940047262,3670,27586,246.7,0.47
103.71871796493522,3681,27576,246.6,0.66
103.64825972457957,3661,27559,248.0,0.64
104.34733785670447,3651,27596,246.8,0.49
103.69664474132193,3649,27715,247.1,0.41
103.73538936378607,3660,27830,248.6,0.27
103.353973243483,3653,27825,247.2,0.24
102.67252475951483,3664,27960,247.1,0.38
101.92955125312855,3644,27825,245.6,0.32
102.46104199741151,3627,27917,244.7,0.34
101.91804741028541,3640,27861,245.4,0.34
101.71946983922172,3639,27770,245.8,0.21
100.9367727651917,3635,27691,244.2,0.07
101.11781589415247,3639,27631,244.0,0.08
100.55846725187685,3641,27609,245.7,0.23
100.64711100262426,3624,27575,246.4,0.12
100.09275107267088,3604,27645,247.5,0.21
100.87770925657017,3610,27745,246.4,0.3
100.79834796624895,3616,27805,245.0,0.4
100.02100415784804,3636,27868,245.1,0.37
99.88921540915968,3626,27903,244.2,0.33
99.2296390054557,3615,27969,244.8,0.22
98.60929016077635,3624,28081,243.7,0.36
98.30539632443701,3624,28022,244.6,0.34
98.87891229101763,3641,27953,242.8,0.36
98.5408223809687,3650,27827,242.7,0.36
99.16705733794129,3646,27891,242.2,0.25
98.51086792028109,3635,27877,243.8,0.32
98.00459112189635,3646,27868,242.6,0.12
98.54227676468716,3647,27890,242.3,0.08
98.44715221946582,3637,27763,244.0,0
99.18750530858634,3656,27751,245.5,0.18
98.72761281041761,3652,27644,245.3,0.06
98.26096192736429,3653,27782,244.2,0.26
98.56613648016659,3661,27913,245.0,0.19
98.60568246604326,3667,27787,245.4,0.02
97.89888276306341,3683,27739,246.2,0.18
97.19563251875881,3672,27835,247.0,0
96.94621944075872,3666,27874,245.4,0.16
96.65536304277923,3652,27861,246.0,0.34
96.33877043812815,3659,27868,244.2,0.27
96.4413211586606,3671,27719,245.0,0.41
97.11689195891417,3685,27838,246.2,0.4
96.93394261058818,3678,27941,245.0,0.31
97.48698936480508,3682,27873,246.7,0.19
98.270783005168,3667,27753,247.0,0.12
98.94683385509789,3681,27717,246.1,0.09
98.59979460888283,3671,27723,247.5,0.07
98.17274836061645,3688,27686,248.1,0.09
97.72962952345911,3694,27702,248.5,0.19
98.03953046206689,3703,27749,248.4,0.38
98.03850615344598,3695,27899,247.1,0.42
97.54783970111131,3707,28036,245.9,0.37
96.84553318733586,3727,28114,245.4,0.43
96.21477272027737,3717,28052,245.0,0.33
95.74660177394199,3711,27922,243.2,0.35
94.95178245489095,3711,27869,243.2,0.25
94.73063009598094,3714,27875,242.6,0.22
95.43825812924837,3733,27891,242.2,0.06
95.58649335656006,3742,27865,240.7,0.2
95.65227660765322,3725,28001,239.9,0.11
95.33524553215125,3717,27864,239.0,0.06
95.61029542681439,3701,27804,238.8,0
95.56017133286382,3698,27904,240.7,0.12
95.04433260150242,3681,28035,242.3,0.17
95.28809299364033,3675,28073,244.1,0.1
96.01741083657255,3693,27995,243.5,0
95.41536616302992,3703,28001,242.8,0.08
95.86133548844037,3700,27894,243.1,0
95.3564662414311,3720,27797,243.5,0.2
96.1030614892429,3716,27847,244.7,0.2
96.55250881374259,3698,27810,245.4,0.37
96.08059598022835,3679,27843,247.0,0.35
95.70665505196163,3665,27856,248.2,0.31
95.5804795284643,3673,27979,249.2,0.25
96.21215723016434,3670,28038,247.4,0.43
96.7812535163731,3675,28049,248.4,0.49
96.99768003483919,3677,28078,249.8,0.69
96.64079307082683,3688,28078,250.7,0.76
97.41859517292849,3674,28225,251.9,0.94
96.83182166786125,3678,28361,251.1,0.84
96.8347381814535,3665,28330,249.5,0.79
96.88428749545274,3671,28274,250.6,0.95
96.59242548876401,3678,28160,249.0,0.79
95.80587681875372,3674,28219,248.8,0.89
95.30738174416288,3672,28268,250.2,0.8
94.86595371844307,3680,28223,248.8,0.97
94.62103970251043,3690,28130,248.5,0.81
94.25681291754475,3678,28150,248.7,0.84
93.88852267941083,3683,28287,248.0,0.75
94.5687037830982,3684,28342,248.7,0.64
95.25863764722035,3696,28255,249.7,0.44
95.91641030925956,3703,28174,249.6,0.52
95.42209458700539,3717,28062,249.7,0.39
95.71644969446238,3724,28061,248.6,0.26
96.0798761551977,3712,28131,247.6,0.23
95.74666121619798,3723,28242,247.4,0.25
96.2397760967524,3717,28339,247.5,0.27
96.60982314643019,3705,28479,245.5,0.29
96.94007619296846,3709,28421,243.9,0.34
97.70263409223429,3698,28441,244.1,0.37
97.70650790940441,3684,28525,244.9,0.24
97.93421328710849,3704,28550,245.5,0.38
97.57468429569118,3714,28688,244.4,0.48
97.6863953265684,3701,28782,245.2,0.49
96.97705348277961,3687,28857,245.0,0.36
96.8022036730589,3669,28986,245.8,0.42
96.81421577674875,3650,29011,246.5,0.52
96.55207731379947,3668,28864,247.8,0.71
96.841172077498,3675,28972,249.2,0.58
96.86651522654753,3671,28846,247.9,0.54
97.57138677262706,3663,28710,247.5,0.46
97.74822229943682,3653,28614,246.3,0.39
97.78741519538178,3643,28706,245.6,0.23
98.12613290138884,3628,28680,243.7,0.26
98.6836452064003,3624,28670,242.9,0.18
98.2573137479701,3644,28774,242.1,0.16
98.05574897614855,3639,28629,242.1,0.18
98.27540452690629,3640,28496,243.3,0.37
97.59765222529079,3624,28393,245.1,0.5
97.62548658695096,3640,28532,244.2,0.52
97.83523976546293,3651,28514,243.6,0.42
97.18993108386435,3666,28649,244.2,0.59
97.67799740248971,3662,28729,243.6,0.4
97.49417301071851,3672,28631,242.2,0.58
97.9399646506736,3679,28573,242.5,0.67
97.57091485635961,3676,28601,241.5,0.61
97.02775582349817,3657,28647,240.4,0.66
97.26047282429222,3657,28564,242.3,0.47
97.8081416506976,3650,28661,242.8,0.43
97.75516905637548,3645,28757,242.5,0.23
98.11731431791522,3663,28615,242.1,0.36
97.59247237833625,3675,28536,244.2,0.52
96.9220534523936,3671,28582,244.8,0.38
96.6710989687939,3688,28523,244.0,0.36
95.91928459767388,3679,28400,244.3,0.27
96.44925236393914,3689,28354,243.0,0.17
95.85013140308668,3700,28411,243.4,0.13
96.52071795687321,3683,28262,242.7,0.21
97.15642730897748,3663,28221,241.5,0.23
97.3784046451605,3678,28318,242.6,0.26
97.57109860181143,3698,28314,242.8,0.06
97.41077810573873,3698,28192,243.0,0.07
97.05282347807002,3695,28093,241.9,0
97.35103565207918,3709,28091,242.3,0.14
97.28347279129575,3716,28200,244.3,0.04
97.82910795163912,3714,28080,244.0,0.21
97.68846172196415,3700,28155,242.4,0.29
97.4462951951174,3689,28067,241.9,0.2
97.62206979240398,3686,28163,244.0,0.07
98.04915257743227,3685,28217,243.2,0.23
98.5150916632114,3687,28119,244.6,0.03
98.16256613608392,3702,28066,245.5,0.12
97.702740243497,3719,28070,245.0,0.1
98.3702080586805,3734,28126,244.8,0.25
98.11069090803619,3717,28216,245.0,0.42
97.62171954890951,3732,28357,244.6,0.34
97.55577168055288,3716,28278,243.5,0.2
97.78624442647562,3717,28214,243.2,0.06
98.31105647642163,3712,28329,244.0,0.04
98.32907491797714,3729,28241,243.4,0
98.27432912396007,3740,28117,243.0,0
98.12647168003018,3740,28177,243.1,0.04
98.43551345716773,3737,28097,243.1,0
98.77396357964312,3756,28131,241.6,0
99.49454111033634,3765,28120,242.1,0
99.13804423001004,3749,28016,243.0,0.06
99.13259984956186,3748,28015,243.3,0.03
99.57455741661484,3742,28068,242.0,0.22
99.38818368599503,3730,27928,240.9,0.21
99.65002909643655,3746,27813,241.3,0.29
99.35142701257367,3761,27837,242.2,0.13
99.27006624272254,3776,27798,242.8,0
99.2558449761192,3792,27793,243.1,0
98.62074838698342,3803,27904,242.3,0.2
97.90277291144596,3810,27837,243.8,0.02
97.89758981832163,3802,27724,242.8,0.19
97.36235613157734,3793,27785,243.4,0.02
96.68704995751442,3805,27712,242.0,0
96.20786747717861,3793,27620,243.1,0.1
96.63721283820023,3790,27541,244.6,0
96.8167514910433,3771,27632,244.8,0.12
96.09534546573089,3753,27688,244.4,0
96.16775335909405,3753,27550,243.5,0
95.47416028801408,3741,27616,245.3,0
96.0112308828119,3744,27762,244.0,0.08
96.21794711573042,3724,27880,242.6,0.27
96.47333613780631,3740,27814,241.6,0.37
96.79477222807618,3755,27874,242.9,0.43
96.46427836360597,3752,27744,244.8,0.34
96.77037548502172,3755,27704,246.5,0.46
96.59345660702934,3770,27679,244.8,0.47
96.45934958762031,3780,27636,246.1,0.3
96.57334665590756,3781,27746,244.9,0.29
96.94723793627318,3777,27765,244.4,0.16
96.28680183018737,3770,27659,245.2,0
96.8175536873525,3774,27738,244.8,0
96.48158691404578,3756,27883,243.7,0
97.01576892781486,3739,27746,243.8,0
96.70705090574498,3752,27623,243.0,0
96.88454854302819,3742,27523,244.8,0.14
96.55101162950207,3749,27494,243.2,0.03
96.24239769722129,3761,27610,244.3,0.17
95.85075815978514,3773,27716,242.9,0.08
96.14998425990674,3766,27637,242.4,0.06
95.58675762224614,3783,27553,244.0,0
95.32881735703086,3800,27550,244.2,0
95.62747834500644,3820,27554,244.9,0.02
95.24644000185783,3834,27582,243.7,0.2
95.61601675224712,3817,27550,242.2,0.23
96.24237753613632,3800,27561,242.8,0.24
96.41103550123347,3810,27675,244.0,0.34
96.86993921628118,3790,27595,243.1,0.36
96.69976162585539,3785,27724,243.6,0.49
96.65220150928943,3774,27634,243.6,0.67
96.6407305308801,3770,27723,244.3,0.83
97.2846924355543,3753,27819,244.7,0.9
97.5230000800713,3766,27794,243.6,0.76
97.93151906652369,3764,27862,244.1,0.87
98.05819236161723,3784,27965,244.4,0.74
97.72729613299119,3787,28111,244.5,0.8
97.88831558435763,3767,28072,244.6,0.82
97.5730735401847,3751,28071,244.2,0.71
97.4995072450775,3733,28115,243.5,0.81
97.36121262102624,3724,27974,244.5,0.9
96.62488240319979,3718,28052,246.1,0.73
95.95885778792025,3721,28180,246.5,0.6
95.29498922941734,3737,28086,245.5,0.64
96.04248654762164,3734,28028,244.7,0.54
96.49177560607329,3747,28168,245.6,0.36
95.8455965075998,3742,28207,247.2,0.47
95.95250142466013,3747,28068,246.3,0.59
96.62296164817562,3728,27971,246.0,0.49
96.43253532494961,3741,28067,244.9,0.53
96.99058579973355,3741,28024,243.3,0.61
97.47224652379039,3731,28079,243.0,0.56
96.97516721846496,3726,27930,243.3,0.63
96.23601235978157,3707,28072,244.8,0.75
96.98501404383639,3699,28086,244.9,0.94
97.13565398176256,3718,27980,245.8,0.97
96.94685835546267,3727,28061,244.4,1.12
96.42346968941177,3736,28069,244.0,1.2
97.14370547678743,3742,28049,242.5,1.39
97.49583082179409,3752,27979,243.2,1.25
97.13435063100536,3739,27831,243.1,1.08
97.1406645665065,3734,27714,243.6,1.14
97.66445102597206,3744,27625,243.1,1.13
97.04788360161209,3751,27765,244.7,1.26
96.56748618168507,3733,27719,244.7,1.29
95.8382169588468,3740,27781,245.5,1.15
95.99945135550152,3721,27781,247.1,1.02
95.45704850576458,3721,27801,246.2,0.86
96.16892495462388,3711,27893,246.6,0.8
96.50304730928775,3693,28038,246.9,0.97
96.31468220879547,3681,28019,247.7,0.92
95.87607126582773,3675,28137,246.6,1.11
95.25906852329818,3661,28176,245.2,0.93
95.38996162641932,3669,28170,245.5,0.94
95.61908091506295,3670,28173,246.4,0.97
96.37896078142266,3686,28265,246.6,0.78
96.01515644903547,3684,28132,245.0,0.61
96.13672664575054,3665,28232,243.2,0.58
96.53525549494104,3658,28115,241.7,0.66
96.94690277432113,3638,28188,242.6,0.68
96.50163226729421,3651,28257,244.3,0.61
95.83216246384053,3659,28224,244.0,0.74
95.61642534615902,3670,28141,243.3,0.83
96.01510380606017,3663,28222,243.5,0.77
95.53816175636862,3655,28307,245.4,0.59
96.18840030424452,3663,28431,246.7,0.76
96.50401719075961,3666,28474,247.0,0.65
97.2616481248709,3662,28452,246.3,0.57
97.84544804648507,3642,28583,246.8,0.65
97.79122297307849,3633,28592,248.0,0.55
97.25195551885105,3620,28648,249.0,0.71
96.6392160120279,3637,28575,249.8,0.65
96.08707659105596,3652,28512,247.8,0.58
96.67323466208471,3664,28438,246.4,0.46
96.6007957534977,3682,28314,246.4,0.54
96.11025539473908,3684,28313,245.9,0.4
96.1568616436154,3697,28451,247.4,0.43
96.5412341284329,3706,28399,248.1,0.47
96.10760959556394,3693,28441,248.7,0.32
95.40102776357486,3694,28473,248.6,0.14
94.89027595621286,3713,28396,249.5,0.28
94.66906826313242,3733,28399,249.4,0.22
94.64274160168128,3742,28502,250.5,0.26
94.58946396403644,3736,28388,248.8,0.09
93.79997116211622,3721,28250,249.1,0.24
93.07125408041092,3738,28222,247.6,0.17
93.86435976188055,3720,28219,247.6,0.12
93.16724974483,3705,28311,247.8,0
92.68798155198675,3686,28208,246.3,0.02
92.630249255851,3672,28190,247.6,0.08
92.00918248613509,3687,28252,247.7,0.07
92.11859884868025,3687,28322,248.4,0
91.93507194845203,3671,28264,247.4,0
92.18847456500706,3677,28211,245.4,0
92.54743033167573,3679,28142,244.0,0.19
92.05870853964932,3685,28085,244.9,0.24
92.56714904492696,3699,28028,245.4,0.23
92.45528736525819,3684,28133,244.9,0.28
93.09892115146836,3693,28173,243.8,0.15
93.43063816131713,3681,28204,244.8,0.23
94.2056072834485,3685,28257,246.1,0.15
94.9664885591846,3679,28292,244.8,0.22
95.43882226776341,3674,28437,245.8,0.09
95.82510585249823,3678,28583,245.0,0.0
95.79508858751653,3672,28559,244.4,0.04
95.42488512454295,3667,28428,245.2,0
95.08127092097826,3659,28300,244.4,0.13
95.36003943474388,3660,28169,244.9,0.28
94.56497831783153,3657,28111,245.9,0.29
94.22114771602853,3672,28034,247.2,0.43
94.82431657196871,3689,28157,246.6,0.29
94.38630372365208,3675,28143,247.5,0.47
93.89249356935771,3662,28031,247.7,0.32
94.47808989672482,3652,27986,245.8,0.32
95.1386422932244,3642,28048,246.9,0.3
94.49232966727641,3647,28075,247.0,0.23
94.17967536261385,3656,28188,245.4,0.28
94.13401597985239,3674,28323,246.0,0.45
93.4754067236701,3673,28202,246.2,0.45
93.1425791766352,3666,28070,246.9,0.44
92.96424545081904,3686,28199,245.0,0.39
93.70104335073546,3678,28171,245.0,0.46
94.02778863851941,3690,28250,243.4,0.58
93.5940126489833,3690,28371,243.3,0.67
93.54291504461659,3692,28398,242.4,0.62
94.14002065460042,3703,28504,243.6,0.7
94.2566518328077,3703,28632,245.4,0.59
94.76865332877998,3723,28565,246.3,0.78
95.26734441502201,3722,28645,246.4,0.79
95.11382695289619,3734,28742,247.8,0.81
95.4097480069942,3734,28701,247.3,0.67
94.72545397331888,3741,28655,245.6,0.8
94.41398079145767,3734,28769,245.2,0.83
94.18940568525133,3749,28666,246.7,0.72
93.79755597130298,3763,28794,247.9,0.81
93.76818693347343,3768,28699,247.1,0.64
93.6022460524132,3788,28570,245.9,0.62
92.98418169202584,3802,28536,245.2,0.59
92.76963749305585,3811,28524,245.4,0.39
92.4717407416999,3793,28382,245.7,0.35
92.82077720097041,3808,28487,246.5,0.37
92.70925994958421,3793,28421,246.3,0.19
93.1067461140842,3795,28410,247.8,0.0
93.36260406299044,3776,28315,249.2,0
93.86193726999967,3764,28256,247.1,0
93.72589396247778,3771,28245,246.4,0
93.2607578022504,3762,28325,246.8,0.14
93.25862661926031,3769,28322,245.4,0.18
93.66826358474744,3764,28465,246.6,0.07
94.25368409308533,3770,28422,245.8,0.13
94.50736054716269,3752,28357,244.7,0.07
94.9679563075725,3750,28431,245.3,0.21
95.06399423855416,3756,28306,245.4,0.08
94.80463230746987,3763,28270,246.2,0
94.39612701909869,3769,28315,246.8,0.13
94.7263968028073,3762,28249,245.8,0.24
94.43865670800282,3755,28299,246.5,0.07
93.78173663219512,3741,28282,246.4,0.04
94.49226464873395,3752,28280,245.0,0.14
94.95777967161608,3739,28393,245.1,0.16
94.91497272784056,3733,28507,246.4,0.26
95.38950173010308,3714,28617,247.9,0.44
95.00972240465397,3694,28676,248.0,0.5
94.34815021069588,3704,28633,247.1,0.35
94.05010635549066,3721,28724,248.6,0.16
93.63493191713093,3736,28776,248.1,0.27
